ID,stations_name,stations_en_name,area,area_en_name,lon,lat
1001A,万寿西宫,Wanshouxigong,北京,Beijing,116.366,39.8673
1002A,定陵,Dingling,北京,Beijing,116.17,40.2865
1003A,东四,Dongsi,北京,Beijing,116.434,39.9522
1004A,天坛,Tiantan,北京,Beijing,116.434,39.8745
1005A,农展馆,Nongzhanguan,北京,Beijing,116.473,39.9716
1006A,官园,Guanyuan,北京,Beijing,116.361,39.9425
1007A,海淀区万柳,Haidianquwanliu,北京,Beijing,116.315,39.9934
1008A,顺义新城,Shunyixincheng,北京,Beijing,116.72,40.1438
1009A,怀柔镇,Huairouzhen,北京,Beijing,116.644,40.3937
1010A,昌平镇,Changpingzhen,北京,Beijing,116.23,40.1952
1011A,奥体中心,Aotizhongxin,北京,Beijing,116.407,40.0031
1012A,古城,Gucheng,北京,Beijing,116.225,39.9279
1013A,市监测中心,Shijiancezhongxin,天津,Tianjin,117.151,39.097
1014A,机车车辆厂,Jichecheliangchang,天津,Tianjin,117.193,39.173
1015A,继电器厂,Jidianqichang,天津,Tianjin,117.145,39.1654
1016A,南京路,Nanjinglu,天津,Tianjin,117.184,39.1205
1017A,河东站,Hedongzhan,天津,Tianjin,117.237,39.1082
1018A,河西站,Hexizhan,天津,Tianjin,117.202,39.0927
1019A,北辰科技园区,Beichenkejiyuanqu,天津,Tianjin,117.185,39.2261
1020A,天山路,Tianshanlu,天津,Tianjin,117.269,39.1337
1021A,东丽中学,Donglizhongxue,天津,Tianjin,117.307,39.0877
1023A,泰丰工业园,Taifenggongyeyuan,天津,Tianjin,117.707,39.0343
1024A,永明路,Yongminglu,天津,Tianjin,117.457,38.8394
1025A,空港物流加工区,Konggangwuliujiagongqu,天津,Tianjin,117.401,39.124
1026A,中新生态城,Zhongxinshengtaicheng,天津,Tianjin,117.764,39.1587
1027A,团泊洼,Tuanbowa,天津,Tianjin,117.157,38.9194
1028A,化工学校,Huagongxuexiao,石家庄,Shijiazhuang,114.5637,38.0549
1029A,职工医院,Zhigongyiyuan,石家庄,Shijiazhuang,114.4548,38.0513
1030A,高新区,Gaoxinqu,石家庄,Shijiazhuang,114.6046,38.0398
1031A,西北水源,Xibeishuiyuan,石家庄,Shijiazhuang,114.5019,38.1398
1032A,西南高教,Xinangaojiao,石家庄,Shijiazhuang,114.4671,38.0118
1033A,世纪公园,Shijigongyuan,石家庄,Shijiazhuang,114.5483,38.0306
1034A,人民会堂,Renminhuitang,石家庄,Shijiazhuang,114.5214,38.0524
1035A,封龙山,Fenglongshan,石家庄,Shijiazhuang,114.3541,37.9097
1036A,供销社,Gongxiaoshe,唐山,Tangshan,118.1662,39.6308
1037A,雷达站,Leidazhan,唐山,Tangshan,118.144,39.643
1038A,物资局,Wuziju,唐山,Tangshan,118.1853,39.6407
1039A,陶瓷公司,Taocigongsi,唐山,Tangshan,118.2185,39.6679
1040A,十二中,Shierzhong,唐山,Tangshan,118.1838,39.65782
1041A,小山,Xiaoshan,唐山,Tangshan,118.1997,39.6295
1042A,北戴河环保局,Beidaihehuanbaoju,秦皇岛,Qinhuangdao,119.5259,39.8283
1043A,第一关,Diyiguan,秦皇岛,Qinhuangdao,119.7624,40.0181
1044A,监测站,Jiancezhan,秦皇岛,Qinhuangdao,119.6023,39.9567
1045A,市政府,Shizhengfu,秦皇岛,Qinhuangdao,119.607,39.9358
1046A,建设大厦,Jianshedasha,秦皇岛,Qinhuangdao,119.5369,39.9419
1047A,环保局,Huanbaoju,邯郸,Handan,114.5129,36.61763
1048A,东污水处理厂,Dongwushuichulichang,邯郸,Handan,114.5426,36.6164
1049A,矿院,Kuangyuan,邯郸,Handan,114.5035,36.5776
1050A,丛台公园,Congtaigongyuan,邯郸,Handan,114.4965,36.61981
1051A,游泳馆,Youyongguan,保定,Baoding,115.493,38.8632
1052A,华电二区,Huadianerqu,保定,Baoding,115.5223,38.8957
1053A,接待中心,Jiedaizhongxin,保定,Baoding,115.4713,38.9108
1054A,地表水厂,Dibiaoshuichang,保定,Baoding,115.4612,38.8416
1055A,胶片厂,Jiaopianchang,保定,Baoding,115.442,38.8756
1056A,监测站,Jiancezhan,保定,Baoding,115.5214,38.8707
1057A,人民公园,Renmingongyuan,张家口,Zhangjiakou,114.8985,40.8367
1058A,探机厂,Tanjichang,张家口,Zhangjiakou,114.892,40.79481
1059A,五金库,Wujinku,张家口,Zhangjiakou,114.8814,40.8115
1060A,世纪豪园,Shijihaoyuan,张家口,Zhangjiakou,114.9032,40.7688
1061A,北泵房,Beibengfang,张家口,Zhangjiakou,114.904,40.8725
1062A,铁路,Tielu,承德,Chengde,117.9664,40.9161
1063A,中国银行,Zhongguoyinxing,承德,Chengde,117.9525,40.9843
1064A,开发区,Kaifaqu,承德,Chengde,117.963,40.9359
1065A,文化中心,Wenhuazhongxin,承德,Chengde,117.8184,40.9733
1066A,离宫,Ligong,承德,Chengde,117.9384,41.0112
1067A,药材公司,Yaocaigongsi,廊坊,Langfang,116.6838,39.5178
1068A,开发区,Kaifaqu,廊坊,Langfang,116.7729,39.5747
1069A,环境监测监理中心,Huanjingjiancejianlizhongxin,廊坊,Langfang,116.715,39.5571
1070A,北华航天学院,Beihuahangtianxueyuan,廊坊,Langfang,116.7464,39.5343
1071A,沧县城建局,Cangxianchengjianju,沧州,Cangzhou,116.8854,38.2991
1072A,电视转播站,Dianshizhuanbozhan,沧州,Cangzhou,116.8584,38.3254
1073A,市环保局,Shihuanbaoju,沧州,Cangzhou,116.8709,38.3228
1074A,电机北厂,Dianjibeichang,衡水,Hengshui,115.6951,37.7575
1075A,市监测站,Shijiancezhan,衡水,Hengshui,115.6426,37.7379
1076A,市环保局,Shihuanbaoju,衡水,Hengshui,115.6906,37.739
1077A,达活泉,Dahuoquan,邢台,Xingtai,114.4821,37.0967
1078A,邢师高专,Xingshigaozhuan,邢台,Xingtai,114.5261,37.0533
1079A,路桥公司,Luqiaogongsi,邢台,Xingtai,114.5331,37.0964
1080A,市环保局,Shihuanbaoju,邢台,Xingtai,114.4854,37.062
1081A,尖草坪,Jiancaoping,太原,Taiyuan,112.522,37.8873
1082A,涧河,Jianhe,太原,Taiyuan,112.573,37.9103
1083A,上兰,Shanglan,太原,Taiyuan,112.434,38.0108
1084A,晋源,Jinyuan,太原,Taiyuan,112.469,37.7124
1085A,小店,Xiaodian,太原,Taiyuan,112.5583,37.7394
1086A,桃园,Taoyuan,太原,Taiyuan,112.5369,37.8692
1087A,坞城,Wucheng,太原,Taiyuan,112.57,37.8195
1088A,南寨,Nanzhai,太原,Taiyuan,112.549,37.9854
1089A,金胜,Jinsheng,太原,Taiyuan,112.488,37.7805
1090A,呼市一监,Hushiyijian,呼和浩特,Huhehaote,111.651,40.7579
1091A,小召,Xiaozhao,呼和浩特,Huhehaote,111.658,40.8033
1092A,兴松小区,Xingsongxiaoqu,呼和浩特,Huhehaote,111.659,40.8452
1093A,糖厂,Tangchang,呼和浩特,Huhehaote,111.608,40.8144
1094A,如意水处理厂,Ruyishuichulichang,呼和浩特,Huhehaote,111.751,40.8369
1095A,二十九中,Ershijiuzhong,呼和浩特,Huhehaote,111.7277,40.8062
1096A,工大金川校区,Gongdajinchuanxiaoqu,呼和浩特,Huhehaote,111.551,40.7866
1097A,化肥厂生活区,Huafeichangshenghuoqu,呼和浩特,Huhehaote,111.717,40.7612
1098A,辉山,Huishan,沈阳,Shenyang,123.6836,41.9339
1099A,浑南二,Hunnaner,沈阳,Shenyang,123.535,41.7561
1100A,东软,Dongruan,沈阳,Shenyang,123.439,41.7089
1101A,张士,Zhangshi,沈阳,Shenyang,123.284,41.7694
1102A,炮兵学院,Paobingxueyuan,沈阳,Shenyang,123.542,41.8336
1103A,北陵,Beiling,沈阳,Shenyang,123.428,41.8472
1104A,文艺路,Wenyilu,沈阳,Shenyang,123.41,41.765
1105A,小河沿,Xiaoheyan,沈阳,Shenyang,123.478,41.7775
1106A,太原街,Taiyuanjie,沈阳,Shenyang,123.3997,41.7972
1107A,二毛,Ermao,沈阳,Shenyang,123.3606,41.7806
1108A,辽大,Liaoda,沈阳,Shenyang,123.3783,41.9228
1109A,甘井子,Ganjingzi,大连,Dalian,121.6119444,38.97388889
1110A,周水子,Zhoushuizi,大连,Dalian,121.565,38.95111111
1111A,星海三站,Xinghaisanzhan,大连,Dalian,121.5638889,38.885
1112A,青泥洼桥,Qingniwaqiao,大连,Dalian,121.6330556,38.91194444
1113A,傅家庄,Fujiazhuang,大连,Dalian,121.625,38.86388889
1114A,七贤岭,Qixianling,大连,Dalian,121.5180556,38.85611111
1115A,旅顺,Lu:shun,大连,Dalian,121.2588889,38.80805556
1116A,金州,Jinzhou,大连,Dalian,121.7481,39.1311
1117A,开发区,Kaifaqu,大连,Dalian,121.7769,39.0511
1118A,双D港,Shuangdgang,大连,Dalian,121.9769,39.0631
1119A,食品厂,Shipinchang,长春,Zhangchun,125.323,43.9167
1120A,客车厂,Kechechang,长春,Zhangchun,125.287,43.91
1121A,邮电学院,Youdianxueyuan,长春,Zhangchun,125.2786,43.84
1122A,劳动公园,Laodonggongyuan,长春,Zhangchun,125.3649,43.8748
1123A,园林处,Yuanlinchu,长春,Zhangchun,125.325,43.8694
1124A,净月潭,Jingyuetan,长春,Zhangchun,125.454,43.7878
1125A,甩湾子,Shuaiwanzi,长春,Zhangchun,125.633,43.55
1126A,经开区环卫处,Jingkaiquhuanweichu,长春,Zhangchun,125.417,43.8667
1127A,高新区管委会,Gaoxinquguanweihui,长春,Zhangchun,125.25,43.8167
1128A,岱山公园,Daishangongyuan,长春,Zhangchun,125.217,43.85
1129A,岭北,Lingbei,哈尔滨,Haerbin,126.542,45.755
1130A,松北商大,Songbeishangda,哈尔滨,Haerbin,126.561,45.8167
1131A,阿城会宁,Achenghuining,哈尔滨,Haerbin,126.979,45.5422
1132A,南岗学府路,Nangangxuefulu,哈尔滨,Haerbin,126.599,45.7222
1133A,太平宏伟公园,Taipinghongweigongyuan,哈尔滨,Haerbin,126.689,45.7733
1134A,道外承德广场,Daowaichengdeguangchang,哈尔滨,Haerbin,126.635,45.7667
1135A,香坊红旗大街,Xiangfanghongqidajie,哈尔滨,Haerbin,126.685,45.7319
1136A,动力和平路,Donglihepinglu,哈尔滨,Haerbin,126.646,45.7258
1137A,道里建国路,Daolijianguolu,哈尔滨,Haerbin,126.593,45.7478
1138A,平房东轻厂,Pingfangdongqingchang,哈尔滨,Haerbin,126.615,45.61
1139A,呼兰师专,Hulanshizhuan,哈尔滨,Haerbin,126.6106,45.9819
1140A,省农科院,Shengnongkeyuan,哈尔滨,Haerbin,126.6206,45.6842
1141A,普陀,Putuo,上海,Shanghai,121.392499,31.241701
1142A,十五厂,Shiwuchang,上海,Shanghai,121.478,31.2036
1143A,虹口,Hongkou,上海,Shanghai,121.467,31.3008
1144A,徐汇上师大,Xuhuishangshida,上海,Shanghai,121.412,31.1654
1145A,杨浦四漂,Yangpusipiao,上海,Shanghai,121.536,31.2659
1146A,青浦淀山湖,Qingpudianshanhu,上海,Shanghai,120.978,31.0935
1147A,静安监测站,Jinganjiancezhan,上海,Shanghai,121.425,31.2261
1148A,浦东川沙,Pudongchuansha,上海,Shanghai,121.703,31.1907
1149A,浦东新区监测站,Pudongxinqujiancezhan,上海,Shanghai,121.533,31.2284
1150A,浦东张江,Pudongzhangjiang,上海,Shanghai,121.577,31.2071
1151A,迈皋桥,Maigaoqiao,南京,Nanjing,118.803,32.1083
1152A,草场门,Caochangmen,南京,Nanjing,118.749,32.0572
1153A,山西路,Shanxilu,南京,Nanjing,118.778,32.0723
1154A,中华门,Zhonghuamen,南京,Nanjing,118.777,32.0144
1155A,瑞金路,Ruijinlu,南京,Nanjing,118.803,32.0314
1156A,玄武湖,Xuanwuhu,南京,Nanjing,118.795,32.0775
1157A,浦口,Pukou,南京,Nanjing,118.626,32.0878
1158A,奥体中心,Aotizhongxin,南京,Nanjing,118.737,32.0092
1159A,仙林大学城,Xianlindaxuecheng,南京,Nanjing,118.907,32.105
1160A,上方山,Shangfangshan,苏州,Suzhou,120.561,31.2472
1161A,南门,Nanmen,苏州,Suzhou,120.628,31.2864
1162A,彩香,Caixiang,苏州,Suzhou,120.591,31.3019
1163A,轧钢厂,Yagangchang,苏州,Suzhou,120.596,31.3264
1164A,吴中区,Wuzhongqu,苏州,Suzhou,120.613,31.2703
1165A,苏州新区,Suzhouxinqu,苏州,Suzhou,120.543,31.2994
1166A,苏州工业园区,Suzhougongyeyuanqu,苏州,Suzhou,120.669,31.3097
1167A,相城区,Xiangchengqu,苏州,Suzhou,120.641,31.3708
1168A,南郊,Nanjiao,南通,Nantong,120.913,31.96
1169A,虹桥,Hongqiao,南通,Nantong,120.86,32.0005
1170A,城中,Chengzhong,南通,Nantong,120.87,32.02
1171A,星湖花园,Xinghuhuayuan,南通,Nantong,120.94,31.93
1172A,紫琅学院,Zilangxueyuan,南通,Nantong,120.81,32.0417
1173A,市环境监测站,Shihuanjingjiancezhan,连云港,Lianyungang,119.176,34.5885
1174A,洪门派出所,Hongmenpaichusuo,连云港,Lianyungang,119.141,34.5896
1175A,墟沟核电专家村,Xugouhedianzhuanjiacun,连云港,Lianyungang,119.368,34.7507
1176A,开发区恒瑞医药公司,Kaifaquhengruiyiyaogongsi,连云港,Lianyungang,119.348,34.6984
1177A,黄河新村,Huanghexincun,徐州,Xuzhou,117.167,34.2761
1178A,淮塔,Huaita,徐州,Xuzhou,117.192,34.2417
1179A,铜山兽医院,Tongshanshouyiyuan,徐州,Xuzhou,117.192,34.3083
1180A,新城区,Xinchengqu,徐州,Xuzhou,117.256,34.2153
1181A,桃园路,Taoyuanlu,徐州,Xuzhou,117.244,34.2911
1182A,农科院,Nongkeyuan,徐州,Xuzhou,117.2933,34.2778
1183A,铜山区环保局,Tongshanquhuanbaoju,徐州,Xuzhou,117.166,34.1806
1184A,城东财政所,Chengdongcaizhengsuo,扬州,Yangzhou,119.46,32.3878
1185A,市监测站,Shijiancezhan,扬州,Yangzhou,119.404,32.41
1186A,邗江监测站,Hanjiangjiancezhan,扬州,Yangzhou,119.389,32.3761
1187A,第四医院,Disiyiyuan,扬州,Yangzhou,119.439,32.4033
1188A,大学城,Daxuecheng,无锡,Wuxi,120.269,31.4867
1189A,市北高中,Shibeigaozhong,无锡,Wuxi,120.275,31.6219
1190A,曹张,Caozhang,无锡,Wuxi,120.294,31.56
1191A,漆塘,Qitang,无锡,Wuxi,120.242,31.5031
1192A,东亭,Dongting,无锡,Wuxi,120.354,31.5848
1193A,旺庄,Wangzhuang,无锡,Wuxi,120.354,31.5475
1194A,育红小学,Yuhongxiaoxue,无锡,Wuxi,120.245,31.5631
1195A,堰桥,Yanqiao,无锡,Wuxi,120.288,31.6842
1196A,市监测站,Shijiancezhan,常州,Changzhou,119.996,31.7586
1197A,城建学校,Chengjianxuexiao,常州,Changzhou,119.933,31.7786
1198A,常工院,Changgongyuan,常州,Changzhou,119.962,31.8089
1199A,潞城,Lucheng,常州,Changzhou,120.0393,31.7638
1200A,武进监测站,Wujinjiancezhan,常州,Changzhou,119.935,31.7039
1201A,安家,Anjia,常州,Changzhou,119.905,31.9108
1202A,环境监测站,Huanjingjiancezhan,镇江,Zhenjiang,119.429,32.2056
1203A,新区办事处,Xinqubanshichu,镇江,Zhenjiang,119.68,32.1883
1204A,职教中心,Zhijiaozhongxin,镇江,Zhenjiang,119.491,32.215
1205A,丹徒区监测站,Dantuqujiancezhan,镇江,Zhenjiang,119.43,32.1319
1206A,公园路,Gongyuanlu,泰州,Taizhou,119.9,32.4867
1207A,莲花,Lianhua,泰州,Taizhou,119.9219,32.4611
1208A,高港区政府,Gaogangquzhengfu,泰州,Taizhou,119.882,32.303
1209A,留学生创业园,Liuxueshengchuangyeyuan,泰州,Taizhou,119.888,32.4639
1210A,钵池山,Bochishan,淮安,Huaian,119.036,33.5981
1211A,北京南路,Beijingnanlu,淮安,Huaian,119.007,33.575
1212A,市监测站,Shijiancezhan,淮安,Huaian,118.989,33.6067
1213A,楚州区监测站,Chuzhouqujiancezhan,淮安,Huaian,119.135,33.5039
1214A,淮阴区监测站,Huaiyinqujiancezhan,淮安,Huaian,119.0122,33.627
1215A,盐城电厂,Yanchengdianchang,盐城,Yancheng,120.118,33.4022
1216A,市监测站,Shijiancezhan,盐城,Yancheng,120.156,33.3942
1217A,文峰中学,Wenfengzhongxue,盐城,Yancheng,120.129,33.3719
1218A,开发区管委会,Kaifaquguanweihui,盐城,Yancheng,120.225,33.3947
1219A,市监测站,Shijiancezhan,宿迁,Suqian,118.2658,33.96
1220A,宿迁学院,Suqianxueyuan,宿迁,Suqian,118.293,33.9528
1221A,宿迁中学,Suqianzhongxue,宿迁,Suqian,118.2442,33.9592
1222A,宿豫区环保局,Suyuquhuanbaoju,宿迁,Suqian,118.3214,33.9506
1223A,滨江,Binjiang,杭州,Hangzhou,120.211,30.21
1224A,西溪,Xixi,杭州,Hangzhou,120.063,30.2747
1225A,千岛湖,Qiandaohu,杭州,Hangzhou,119.026,29.635
1226A,下沙,Xiasha,杭州,Hangzhou,120.348,30.3058
1227A,卧龙桥,Wolongqiao,杭州,Hangzhou,120.127,30.2456
1228A,浙江农大,Zhejiangnongda,杭州,Hangzhou,120.19,30.2692
1229A,朝晖五区,Chaohuiwuqu,杭州,Hangzhou,120.157,30.2897
1230A,和睦小学,Hemuxiaoxue,杭州,Hangzhou,120.12,30.3119
1231A,临平镇,Linpingzhen,杭州,Hangzhou,120.301,30.4183
1232A,城厢镇,Chengxiangzhen,杭州,Hangzhou,120.27,30.1819
1233A,云栖,Yunqi,杭州,Hangzhou,120.088,30.1808
1234A,区环保大楼,Quhuanbaodalou,宁波,Ningbo,121.836,29.9108
1235A,万里学院,Wanlixueyuan,宁波,Ningbo,121.56,29.8208
1236A,龙赛医院,Longsaiyiyuan,宁波,Ningbo,121.713,29.9572
1237A,三江中学,Sanjiangzhongxue,宁波,Ningbo,121.554,29.8906
1238A,市政管理站,Shizhengguanlizhan,宁波,Ningbo,121.615,29.9017
1239A,钱湖水厂,Qianhushuichang,宁波,Ningbo,121.633,29.7736
1240A,太古小学,Taiguxiaoxue,宁波,Ningbo,121.586,29.8633
1241A,市环境监测中心,Shihuanjingjiancezhongxin,宁波,Ningbo,121.524,29.8506
1242A,瓯海,Ouhai,温州,Wenzhou,120.634,28.0089
1243A,南浦,Nanpu,温州,Wenzhou,120.677,27.9939
1244A,龙湾,Longwan,温州,Wenzhou,120.76,27.9747
1245A,市站,Shizhan,温州,Wenzhou,120.671,28.0167
1246A,袍江站,Paojiangzhan,绍兴,Shaoxing,120.598,30.0911
1247A,城东开发委,Chengdongkaifawei,绍兴,Shaoxing,120.605,29.9919
1248A,市环保站,Shihuanbaozhan,绍兴,Shaoxing,120.576,30.007
1249A,城北水厂,Chengbeishuichang,湖州,Huzhou,120.1,30.8867
1250A,城西水厂,Chengxishuichang,湖州,Huzhou,120.07,30.8244
1251A,吉山新村,Jishanxincun,湖州,Huzhou,120.093,30.8617
1252A,清河小学,Qinghexiaoxue,嘉兴,Jiaxing,120.744,30.7946
1253A,嘉兴学院,Jiaxingxueyuan,嘉兴,Jiaxing,120.726,30.7478
1254A,监测站,Jiancezhan,嘉兴,Jiaxing,120.763,30.7567
1255A,黄岩环保大楼,Huangyanhuanbaodalou,台州,Taizhou,121.273,28.6459
1256A,台州环保大楼,Taizhouhuanbaodalou,台州,Taizhou,121.419,28.6542
1257A,路桥田洋王,Luqiaotianyangwang,台州,Taizhou,121.377,28.5773
1258A,定海檀枫,Dinghaitanfeng,舟山,Zhoushan,122.122,30.0203
1259A,普陀东港,Putuodonggang,舟山,Zhoushan,122.3094,29.9558
1260A,临城新区,Linchengxinqu,舟山,Zhoushan,122.19,29.9944
1261A,四中,Sizhong,金华,Jinhua,119.649,29.1131
1262A,十五中,Shiwuzhong,金华,Jinhua,119.647,29.077
1263A,监测站,Jiancezhan,金华,Jinhua,119.686,29.1029
1264A,环保大楼,Huanbaodalou,衢州,Quzhou,118.871,28.9404
1265A,实验学校,Shiyanxuexiao,衢州,Quzhou,118.871,28.9664
1266A,衢州学院,Quzhouxueyuan,衢州,Quzhou,118.855,28.9745
1267A,监测站大楼,Jiancezhandalou,丽水,Lishui,119.914,28.4514
1268A,莲都小学,Liandouxiaoxue,丽水,Lishui,119.93,28.4586
1269A,余庄前,Yuzhuangqian,丽水,Lishui,119.879,28.4231
1270A,明珠广场,Mingzhuguangchang,合肥,Hefei,117.196,31.7848
1271A,三里街,Sanlijie,合肥,Hefei,117.307,31.8766
1272A,琥珀山庄,Huposhanzhuang,合肥,Hefei,117.259,31.8706
1273A,董铺水库,Dongpushuiku,合肥,Hefei,117.16,31.9051
1274A,长江中路,Zhangjiangzhonglu,合肥,Hefei,117.25,31.8572
1275A,庐阳区,Luyangqu,合肥,Hefei,117.266,31.9438
1276A,瑶海区,Yaohaiqu,合肥,Hefei,117.336,31.8585
1277A,包河区,Baohequ,合肥,Hefei,117.302,31.7956
1278A,滨湖新区,Binhuxinqu,合肥,Hefei,117.278,31.7386
1279A,高新区,Gaoxinqu,合肥,Hefei,117.124,31.8516
1280A,鼓山,Gushan,福州,Fuzhou,119.389,26.0542
1281A,快安,Kuaian,福州,Fuzhou,119.414,26.0258
1282A,师大,Shida,福州,Fuzhou,119.303,26.0392
1283A,五四北路,Wusibeilu,福州,Fuzhou,119.299,26.1092
1284A,杨桥西路,Yangqiaoxilu,福州,Fuzhou,119.268,26.0797
1285A,紫阳,Ziyang,福州,Fuzhou,119.315,26.0753
1286A,溪东,Xidong,厦门,Shamen,118.1569444,24.81805556
1287A,洪文,Hongwen,厦门,Shamen,118.1513889,24.47666667
1288A,鼓浪屿,Gulangyu,厦门,Shamen,118.0636111,24.44583333
1289A,湖里,Huli,厦门,Shamen,118.10943,24.512764
1290A,省外办,Shengwaiban,南昌,Nanchang,115.893,28.6844
1291A,省林业公司,Shenglinyegongsi,南昌,Nanchang,115.8886,28.6839
1292A,林科所,Linkesuo,南昌,Nanchang,115.813,28.7442
1293A,京东镇政府,Jingdongzhenzhengfu,南昌,Nanchang,115.973,28.6969
1294A,建工学校,Jiangongxuexiao,南昌,Nanchang,115.852,28.6869
1295A,象湖,Xianghu,南昌,Nanchang,115.892,28.6425
1296A,武术学校,Wushuxuexiao,南昌,Nanchang,115.742,28.7994
1297A,石化,Shihua,南昌,Nanchang,115.912,28.6131
1298A,省站,Shengzhan,南昌,Nanchang,115.931,28.6844
1299A,科干所,Kegansuo,济南,Jinan,116.988,36.6114
1300A,农科所,Nongkesuo,济南,Jinan,116.93,36.67
1301A,开发区,Kaifaqu,济南,Jinan,117.114,36.6739
1302A,济南化工厂,Jinanhuagongchang,济南,Jinan,116.989,36.6872
1303A,省种子仓库,Shengzhongzicangku,济南,Jinan,117.0684,36.6868
1304A,机床二厂,Jichuangerchang,济南,Jinan,116.943,36.6489
1305A,市监测站,Shijiancezhan,济南,Jinan,117.049,36.6622
1306A,长清党校,Zhangqingdangxiao,济南,Jinan,116.734,36.5336
1307A,仰口,Yangkou,青岛,Qingdao,120.6659,36.2403
1308A,李沧区子站,Licangquzizhan,青岛,Qingdao,120.3905,36.1851
1309A,市北区子站,Shibeiquzizhan,青岛,Qingdao,120.3471,36.0699
1310A,市南区东部子站,Shinanqudongbuzizhan,青岛,Qingdao,120.4134,36.0654
1311A,四方区子站,Sifangquzizhan,青岛,Qingdao,120.3664,36.1032
1312A,市南区西部子站,Shinanquxibuzizhan,青岛,Qingdao,120.2992,36.0543
1313A,崂山区子站,Laoshanquzizhan,青岛,Qingdao,120.4587,36.0851
1314A,黄岛区子站,Huangdaoquzizhan,青岛,Qingdao,120.1964,36.3083
1315A,城阳区子站,Chengyangquzizhan,青岛,Qingdao,120.4001,36.2403
1316A,烟厂,Yanchang,郑州,Zhengzhou,113.681,34.7545
1317A,郑纺机,Zhengfangji,郑州,Zhengzhou,113.641,34.7745
1318A,银行学校,Yinxingxuexiao,郑州,Zhengzhou,113.675,34.8019
1319A,供水公司,Gongshuigongsi,郑州,Zhengzhou,113.564,34.802
1320A,经开区管委,Jingkaiquguanwei,郑州,Zhengzhou,113.727,34.7187
1321A,四十七中,Sishiqizhong,郑州,Zhengzhou,113.734,34.719
1322A,市监测站,Shijiancezhan,郑州,Zhengzhou,113.5991,34.7496
1323A,河医大,Heyida,郑州,Zhengzhou,113.6356,34.7538
1324A,岗李水库,Ganglishuiku,郑州,Zhengzhou,113.6113,34.9162
1325A,东湖梨园,Donghuliyuan,武汉,Wuhan,114.3672,30.5719
1326A,汉阳月湖,Hanyangyuehu,武汉,Wuhan,114.2511,30.5514
1327A,汉口花桥,Hankouhuaqiao,武汉,Wuhan,114.2836,30.6197
1328A,武昌紫阳,Wuchangziyang,武汉,Wuhan,114.3006,30.5494
1329A,青山钢花,Qingshanganghua,武汉,Wuhan,114.4272,30.6103
1330A,沌口新区,Dunkouxinqu,武汉,Wuhan,114.1525,30.4753
1331A,汉口江滩,Hankoujiangtan,武汉,Wuhan,114.3008,30.5947
1332A,东湖高新,Donghugaoxin,武汉,Wuhan,114.3894,30.4822
1333A,吴家山,Wujiashan,武汉,Wuhan,114.2131,30.6414
1334A,沉湖七壕,Chenhuqihao,武汉,Wuhan,113.8531,30.2997
1335A,经开区环保局,Jingkaiquhuanbaoju,长沙,Zhangsha,113.0833,28.2325
1336A,高开区环保局,Gaokaiquhuanbaoju,长沙,Zhangsha,112.8872,28.2189
1337A,马坡岭,Mapoling,长沙,Zhangsha,113.0792,28.2053
1338A,湖南师范大学,Hunanshifandaxue,长沙,Zhangsha,112.9394,28.19
1339A,雨花区环保局,Yuhuaquhuanbaoju,长沙,Zhangsha,112.9956,28.1442
1340A,伍家岭,Wujialing,长沙,Zhangsha,112.9792,28.2597
1341A,火车新站,Huochexinzhan,长沙,Zhangsha,113.0014,28.1944
1342A,天心区环保局,Tianxinquhuanbaoju,长沙,Zhangsha,112.9844,28.1178
1343A,湖南中医药大学,Hunanzhongyiyaodaxue,长沙,Zhangsha,112.8908,28.1308
1344A,沙坪,Shaping,长沙,Zhangsha,112.9958,28.3586
1345A,广雅中学,Guangyazhongxue,广州,Guangzhou,113.235,23.1422
1346A,市五中,Shiwuzhong,广州,Guangzhou,113.261,23.105
1347A,天河职幼,Tianhezhiyou,广州,Guangzhou,113.335367,23.13559
1348A,广东商学院,Guangdongshangxueyuan,广州,Guangzhou,113.348,23.0916
1349A,市八十六中,Shibashiliuzhong,广州,Guangzhou,113.433,23.105
1350A,番禺中学,Fanyuzhongxue,广州,Guangzhou,113.352,22.9477
1351A,花都师范,Huadoushifan,广州,Guangzhou,113.215,23.3917
1352A,市监测站,Shijiancezhan,广州,Guangzhou,113.26,23.1331
1353A,九龙镇镇龙,Jiulongzhenzhenlong,广州,Guangzhou,113.568,23.2783
1354A,麓湖,Luhu,广州,Guangzhou,113.281,23.1569
1355A,帽峰山森林公园,Maofengshansenlingongyuan,广州,Guangzhou,113.589,23.5538
1356A,荔园,Liyuan,深圳,Shenzhen,114.096,22.55
1357A,洪湖,Honghu,深圳,Shenzhen,114.117,22.5625
1358A,华侨城,Huaqiaocheng,深圳,Shenzhen,113.987,22.5417
1359A,南油,Nanyou,深圳,Shenzhen,113.923,22.5167
1360A,盐田,Yantian,深圳,Shenzhen,114.263,22.5908
1361A,龙岗,Longgang,深圳,Shenzhen,114.24,22.7267
1362A,西乡,Xixiang,深圳,Shenzhen,113.891,22.5794
1363A,南澳,Nanao,深圳,Shenzhen,114.494,22.5422
1364A,葵涌,Kuiyong,深圳,Shenzhen,114.41,22.6342
1365A,梅沙,Meisha,深圳,Shenzhen,114.297,22.5978
1366A,观澜,Guanlan,深圳,Shenzhen,114.085,22.75
1367A,吉大,Jida,珠海,Zhuhai,113.574,22.2611
1368A,前山,Qianshan,珠海,Zhuhai,113.495,22.2294
1369A,唐家,Tangjia,珠海,Zhuhai,113.628,22.4251
1370A,斗门,Doumen,珠海,Zhuhai,113.299,22.2281
1371A,湾梁,Wanliang,佛山,Foshan,113.134,23.0048
1372A,华材职中,Huacaizhizhong,佛山,Foshan,113.105,23.0395
1373A,南海气象局,Nanhaiqixiangju,佛山,Foshan,113.144,23.0467
1374A,顺德苏岗,Shundesugang,佛山,Foshan,113.292,22.8054
1375A,容桂街道办,Rongguijiedaoban,佛山,Foshan,113.257,22.7629
1376A,高明孔堂,Gaomingkongtang,佛山,Foshan,112.844,22.8693
1377A,三水监测站,Sanshuijiancezhan,佛山,Foshan,112.885,23.1572
1378A,三水云东海,Sanshuiyundonghai,佛山,Foshan,112.863,23.1886
1379A,华柏园,Huaboyuan,中山,Zhongshan,113.3769,22.5211
1380A,张溪,Zhangxi,中山,Zhongshan,113.3881,22.5497
1381A,紫马岭,Zimaling,中山,Zhongshan,113.4075,22.5111
1382A,长江旅游区,Zhangjianglu:youqu,中山,Zhongshan,113.4411,22.4853
1383A,北街,Beijie,江门,Jiangmen,113.104,22.6069
1384A,西区,Xiqu,江门,Jiangmen,113.074,22.5811
1385A,圭峰西,Guifengxi,江门,Jiangmen,113.024,22.5328
1386A,东湖,Donghu,江门,Jiangmen,113.0819,22.5931
1387A,实验中学,Shiyanzhongxue,东莞,Dongguan,113.7819444,23.05361111
1388A,南城元岭,Nanchengyuanling,东莞,Dongguan,113.7461111,23.02777778
1389A,莞城二水厂,Guanchengershuichang,东莞,Dongguan,113.7480556,23.06
1390A,东城石井,Dongchengshijing,东莞,Dongguan,113.7944444,23.01277778
1391A,南城西平,Nanchengxiping,东莞,Dongguan,113.7383333,22.96583333
1392A,河南岸金山湖子站,Henananjinshanhuzizhan,惠州,Huizhou,114.4183,23.0528
1393A,下埔横江三路子站,Xiapuhengjiangsanluzizhan,惠州,Huizhou,114.4053,23.08
1394A,江北云山西路子站,Jiangbeiyunshanxiluzizhan,惠州,Huizhou,114.4103,23.1142
1395A,惠阳区承修路船湖子站,Huiyangquchengxiuluchuanhuzizhan,惠州,Huizhou,114.3244,22.8172
1396A,大亚湾管委会子站,Dayawanguanweihuizizhan,惠州,Huizhou,114.5317,22.7422
1397A,睦岗子站,Mugangzizhan,肇庆,Zhaoqing,112.427,23.0706
1398A,城中子站,Chengzhongzizhan,肇庆,Zhaoqing,112.471,23.0528
1399A,坑口子站,Kengkouzizhan,肇庆,Zhaoqing,112.565,23.1617
1400A,七星岩子站,Qixingyanzizhan,肇庆,Zhaoqing,112.4722,23.0786
1401A,振宁花园,Zhenninghuayuan,南宁,Nanning,108.301,22.7875
1402A,北湖,Beihu,南宁,Nanning,108.316,22.8561
1403A,市监测站,Shijiancezhan,南宁,Nanning,108.321,22.8225
1404A,大自然花园,Daziranhuayuan,南宁,Nanning,108.383,22.805
1405A,仙葫,Xianhu,南宁,Nanning,108.439,22.7906
1406A,区农职院,Qunongzhiyuan,南宁,Nanning,108.239,22.8464
1407A,英华嘉园,Yinghuajiayuan,南宁,Nanning,108.328,22.735
1408A,沙井镇街道办,Shajingzhenjiedaoban,南宁,Nanning,108.244,22.7833
1409A,东寨港,Dongzhaigang,海口,Haikou,110.576,19.9507
1410A,海南大学,Hainandaxue,海口,Haikou,110.3232,20.0574
1411A,秀英海南医院,Xiuyinghainanyiyuan,海口,Haikou,110.283,20.0053
1412A,海南师范大学,Hainanshifandaxue,海口,Haikou,110.338,19.9969
1413A,龙华路环保局宿舍,Longhualuhuanbaojusushe,海口,Haikou,110.33,20.0356
1414A,缙云山,Jinyunshan,重庆,Zhongqing,106.379,29.8272
1415A,高家花园,Gaojiahuayuan,重庆,Zhongqing,106.46,29.5736
1416A,天生,Tiansheng,重庆,Zhongqing,106.424,29.8264
1417A,两路,Lianglu,重庆,Zhongqing,106.626,29.7228
1418A,虎溪,Huxi,重庆,Zhongqing,106.296,29.5983
1419A,南坪,Nanping,重庆,Zhongqing,106.54,29.5186
1420A,唐家沱,Tangjiatuo,重庆,Zhongqing,106.65,29.6219
1421A,茶园,Chayuan,重庆,Zhongqing,106.634,29.4892
1422A,白市驿,Baishiyi,重庆,Zhongqing,106.364,29.4822
1423A,解放碑,Jiefangbei,重庆,Zhongqing,106.571,29.5642
1424A,杨家坪,Yangjiaping,重庆,Zhongqing,106.512,29.5164
1425A,空港,Konggang,重庆,Zhongqing,106.617,29.7125
1426A,新山村,Xinshancun,重庆,Zhongqing,106.468,29.4892
1427A,礼嘉,Lijia,重庆,Zhongqing,106.562,29.6453
1428A,蔡家,Caijia,重庆,Zhongqing,106.452,29.709
1429A,鱼新街,Yuxinjie,重庆,Zhongqing,106.513,29.389
1430A,南泉,Nanquan,重庆,Zhongqing,106.591,29.4272
1431A,金泉两河,Jinquanlianghe,成都,Chengdou,103.972,30.713
1432A,十里店,Shilidian,成都,Chengdou,104.176,30.6872
1433A,三瓦窑,Sanwayao,成都,Chengdou,104.079,30.5706
1434A,沙河铺,Shahepu,成都,Chengdou,104.118,30.6361
1435A,梁家巷,Liangjiaxiang,成都,Chengdou,104.074,30.685
1436A,草堂寺,Caotangsi,成都,Chengdou,104.026,30.6544
1437A,人民公园,Renmingongyuan,成都,Chengdou,104.054,30.6578
1438A,灵岩寺,Lingyansi,成都,Chengdou,103.613,31.0283
1439A,马鞍山,Maanshan,贵阳,Guiyang,106.6856,26.6029
1440A,市环保站,Shihuanbaozhan,贵阳,Guiyang,106.6971,26.5689
1441A,金阳区,Jinyangqu,贵阳,Guiyang,106.6243,26.6266
1442A,乌当区,Wudangqu,贵阳,Guiyang,106.7487,26.6343
1443A,花溪区,Huaxiqu,贵阳,Guiyang,106.6554,26.4364
1444A,小河区,Xiaohequ,贵阳,Guiyang,106.6948,26.5155
1445A,鸿边门,Hongbianmen,贵阳,Guiyang,106.7105,26.6009
1446A,冶金厅,Yejinting,贵阳,Guiyang,106.7164,26.5697
1447A,太慈桥,Taiciqiao,贵阳,Guiyang,106.6867,26.5495
1449A,关上,Guanshang,昆明,Kunming,102.743,25.0124
1450A,呈贡新区,Chenggongxinqu,昆明,Kunming,102.821,24.8885
1451A,西山森林公园,Xishansenlingongyuan,昆明,Kunming,102.625,24.9624
1452A,龙泉镇,Longquanzhen,昆明,Kunming,102.728,25.0836
1453A,东风东路,Dongfengdonglu,昆明,Kunming,102.722,25.0405
1454A,金鼎山,Jindingshan,昆明,Kunming,102.681,25.067
1455A,碧鸡广场,Bijiguangchang,昆明,Kunming,102.638,25.0359
1456A,八廓街,Bakuojie,拉萨,Lasa,91.1319,29.6514
1457A,市环保局,Shihuanbaoju,拉萨,Lasa,91.1221,29.6747
1458A,区监测站,Qujiancezhan,拉萨,Lasa,91.0874,29.6475
1459A,西藏大学,Xizangdaxue,拉萨,Lasa,91.1774,29.6541
1460A,区辐射站,Qufushezhan,拉萨,Lasa,90.9798,29.6588
1461A,拉萨火车站,Lasahuochezhan,拉萨,Lasa,91.0834,29.6292
1462A,高压开关厂,Gaoyakaiguanchang,西安,Xian,108.882,34.2749
1463A,兴庆小区,Xingqingxiaoqu,西安,Xian,108.993,34.2629
1464A,纺织城,Fangzhicheng,西安,Xian,109.06,34.2572
1465A,小寨,Xiaozhai,西安,Xian,108.94,34.2324
1466A,市人民体育场,Shirenmintiyuchang,西安,Xian,108.954,34.2713
1467A,高新西区,Gaoxinxiqu,西安,Xian,108.883,34.2303
1468A,经开区,Jingkaiqu,西安,Xian,108.935,34.3474
1469A,长安区,Zhanganqu,西安,Xian,108.906,34.1546
1470A,阎良区,Yanliangqu,西安,Xian,109.2,34.6575
1471A,临潼区,Lintongqu,西安,Xian,109.2186,34.3731
1472A,草滩,Caotan,西安,Xian,108.869,34.378
1473A,曲江文化产业集团,Qujiangwenhuachanyejituan,西安,Xian,108.985,34.1978
1474A,广运潭,Guangyuntan,西安,Xian,109.043,34.3274
1475A,职工医院,Zhigongyiyuan,兰州,Lanzhou,103.712,36.0756
1476A,兰炼宾馆,Lanlianbinguan,兰州,Lanzhou,103.631,36.1031
1477A,榆中兰大校区,Yuzhonglandaxiaoqu,兰州,Lanzhou,104.148,35.94
1478A,生物制品所,Shengwuzhipinsuo,兰州,Lanzhou,103.841,36.0725
1479A,铁路设计院,Tielushejiyuan,兰州,Lanzhou,103.831,36.0464
1480A,市环境监测站,Shihuanjingjiancezhan,西宁,Xining,101.748,36.6428
1481A,省医药仓库,Shengyiyaocangku,西宁,Xining,101.749,36.6922
1482A,四陆医院,Siluyiyuan,西宁,Xining,101.834,36.5819
1483A,第五水厂,Diwushuichang,西宁,Xining,101.524,36.6867
1484A,贺兰山马莲口,Helanshanmaliankou,银川,Yinchuan,105.9512,38.6016
1485A,银湖巷,Yinhuxiang,银川,Yinchuan,106.2682,38.4744
1486A,宁安大街,Ningandajie,银川,Yinchuan,106.217,38.4536
1487A,宁化生活区,Ninghuashenghuoqu,银川,Yinchuan,106.0715,38.4858
1488A,贺兰山东路,Helanshandonglu,银川,Yinchuan,106.2328,38.4975
1489A,学院路,Xueyuanlu,银川,Yinchuan,106.1358,38.5036
1490A,监测站,Jiancezhan,乌鲁木齐,Wulumuqi,87.5801,43.8303
1491A,收费所,Shoufeisuo,乌鲁木齐,Wulumuqi,87.6046,43.768
1492A,新疆农科院农场,Xinjiangnongkeyuannongchang,乌鲁木齐,Wulumuqi,87.4754,43.9469
1493A,铁路局,Tieluju,乌鲁木齐,Wulumuqi,87.5525,43.8711
1494A,三十一中学,Sanshiyizhongxue,乌鲁木齐,Wulumuqi,87.6432,43.831
1495A,七十四中学,Qishisizhongxue,乌鲁木齐,Wulumuqi,87.4171,43.8729
1496A,米东区环保局,Midongquhuanbaoju,乌鲁木齐,Wulumuqi,87.6444,43.962
1508A,板塘,Bantang,湘潭,Xiangtan,112.9433,27.8614
1511A,市监测站,Shijiancezhan,湘潭,Xiangtan,112.9118,27.8403
1512A,江麓,Jianglu,湘潭,Xiangtan,112.8937,27.8728
1513A,岳塘,Yuetang,湘潭,Xiangtan,112.9227,27.8159
1514A,科大,Keda,湘潭,Xiangtan,112.9074,27.9119
1515A,天台山庄,Tiantaishanzhuang,株洲,Zhuzhou,113.135,27.8244
1518A,株冶医院,Zhuyeyiyuan,株洲,Zhuzhou,113.095,27.8867
1519A,市四中,Shisizhong,株洲,Zhuzhou,113.167,27.8667
1520A,火车站,Huochezhan,株洲,Zhuzhou,113.143,27.8381
1524A,市监测站,Shijiancezhan,株洲,Zhuzhou,113.13,27.8528
1552A,桐木岭,Tongmuling,贵阳,Guiyang,106.805,26.3003
1559A,大京风景区,Dajingfengjingqu,株洲,Zhuzhou,113.251,27.8336
1562A,昭山,Zhaoshan,湘潭,Xiangtan,113.0048,27.9153
1564A,韶山,Shaoshan,湘潭,Xiangtan,112.4876,27.9164
1585A,市环境监测站,Shihuanjingjiancezhan,包头,Baotou,109.8756,40.6532
1586A,包百大楼,Baobaidalou,包头,Baotou,109.8104,40.6575
1587A,东河城环局,Donghechenghuanju,包头,Baotou,110.0067,40.5905
1588A,青山宾馆,Qingshanbinguan,包头,Baotou,109.8538,40.6821
1589A,惠龙物流,Huilongwuliu,包头,Baotou,109.8654,40.6288
1590A,东河鸿龙湾,Donghehonglongwan,包头,Baotou,110.0377,40.5546
1591A,综合楼,Zonghelou,鄂尔多斯,Eerduosi,110.0023,39.8129
1592A,巴音孟克林场办事处,Bayinmengkelinchangbanshichu,鄂尔多斯,Eerduosi,109.9486,39.8261
1593A,康泽苑,Kangzeyuan,鄂尔多斯,Eerduosi,109.7736,39.5986
1594A,华泰汽车城,Huataiqichecheng,鄂尔多斯,Eerduosi,109.8119,39.5989
1595A,奥林花园,Aolinhuayuan,鄂尔多斯,Eerduosi,109.9734,39.7884
1596A,营口大学,Yingkoudaxue,营口,Yingkou,122.2414,40.6592
1597A,植物园,Zhiwuyuan,营口,Yingkou,122.2703,40.7094
1598A,三水厂,Sanshuichang,营口,Yingkou,122.215,40.6511
1599A,西炮台,Xipaotai,营口,Yingkou,122.1658,40.6789
1600A,轴承厂,Zhouchengchang,丹东,Dandong,124.3303,40.0625
1601A,财专,Caizhuan,丹东,Dandong,124.4256,40.1503
1602A,元宝山水厂,Yuanbaoshanshuichang,丹东,Dandong,124.3933,40.1461
1603A,实验小学,Shiyanxiaoxue,丹东,Dandong,124.3678,40.1194
1604A,开发区,Kaifaqu,盘锦,Panjin,122.0247,41.1556
1605A,兴隆台,Xinglongtai,盘锦,Panjin,122.0539,41.0903
1606A,鼎翔,Dingxiang,盘锦,Panjin,121.835,41.1042
1607A,葫芦岛市西山坡,Huludaoshixishanpo,葫芦岛,Huludao,120.9092,40.7136
1608A,化工医院,Huagongyiyuan,葫芦岛,Huludao,120.8392,40.7514
1609A,新区公园,Xinqugongyuan,葫芦岛,Huludao,120.8478,40.715
1610A,连山区政府,Lianshanquzhengfu,葫芦岛,Huludao,120.8631,40.7736
1611A,涂山街,Tushanjie,泉州,Quanzhou,118.5819,24.9117
1612A,津头埔,Jintoupu,泉州,Quanzhou,118.5972,24.8978
1613A,万安,Wanan,泉州,Quanzhou,118.6663,24.9424
1614A,清源山,Qingyuanshan,泉州,Quanzhou,118.6108,24.9617
1615A,植物油厂,Zhiwuyouchang,莱芜,Laiwu,117.685,36.205
1616A,技术学院,Jishuxueyuan,莱芜,Laiwu,117.6789,36.2289
1617A,日升国际,Rishengguoji,莱芜,Laiwu,117.715,36.2081
1618A,沂河小区,Yihexiaoqu,临沂,Linyi,118.3418,35.0573
1619A,鲁南制药厂,Lunanzhiyaochang,临沂,Linyi,118.2939,35.0622
1620A,新光毛纺厂,Xinguangmaofangchang,临沂,Linyi,118.2764,34.9817
1621A,河东保险公司,Hedongbaoxiangongsi,临沂,Linyi,118.4023,35.0896
1622A,儿童乐园,Ertongleyuan,德州,Dezhou,116.3061,37.4664
1623A,黑马集团,Heimajituan,德州,Dezhou,116.2729,37.4504
1624A,监理站,Jianlizhan,德州,Dezhou,116.3189,37.4489
1625A,区政府,Quzhengfu,聊城,Liaocheng,115.9848,36.4372
1626A,二轻机,Erqingji,聊城,Liaocheng,115.9968,36.4568
1627A,党校,Dangxiao,聊城,Liaocheng,115.9835,36.4796
1628A,市环保局,Shihuanbaoju,滨州,Binzhou,118.0062,37.3803
1629A,第二水厂,Diershuichang,滨州,Binzhou,118.0018,37.3617
1630A,北中新校,Beizhongxinxiao,滨州,Binzhou,117.9776,37.393
1631A,人民公园,Renmingongyuan,淄博,Zibo,118.0482,36.8088
1632A,东风化工厂,Dongfenghuagongchang,淄博,Zibo,118.0448,36.838
1633A,双山,Shuangshan,淄博,Zibo,117.8477,36.497
1634A,气象站,Qixiangzhan,淄博,Zibo,117.9544,36.6377
1635A,莆田园,Putianyuan,淄博,Zibo,118.3092,36.8198
1636A,三金集团,Sanjinjituan,淄博,Zibo,117.8512,36.8041
1637A,市中区政府,Shizhongquzhengfu,枣庄,Zaozhuang,117.5564,34.864
1638A,薛城环保局,Xuechenghuanbaoju,枣庄,Zaozhuang,117.2852,34.7837
1639A,峄城区政府,Yichengquzhengfu,枣庄,Zaozhuang,117.5852,34.7745
1640A,台儿庄区环保局,Taierzhuangquhuanbaoju,枣庄,Zaozhuang,117.732,34.5667
1641A,山亭区环保局,Shantingquhuanbaoju,枣庄,Zaozhuang,117.4518,35.0992
1642A,开发区,Kaifaqu,烟台,Yantai,121.2514,37.5639
1643A,轴承厂,Zhouchengchang,烟台,Yantai,121.3719,37.5433
1644A,西郊化工站,Xijiaohuagongzhan,烟台,Yantai,121.3181,37.5436
1645A,莱山环保局,Laishanhuanbaoju,烟台,Yantai,121.4478,37.4822
1646A,福山环保局,Fushanhuanbaoju,烟台,Yantai,121.2611,37.4967
1647A,牟平环保局,Moupinghuanbaoju,烟台,Yantai,121.5953,37.3872
1648A,仲裁委,Zhongcaiwei,潍坊,Weifang,119.12,36.7019
1649A,刘家园,Liujiayuan,潍坊,Weifang,119.0919,36.7306
1650A,环保局,Huanbaoju,潍坊,Weifang,119.1425,36.7008
1651A,共达公司,Gongdagongsi,潍坊,Weifang,119.1614,36.6572
1652A,寒亭监测站,Hantingjiancezhan,潍坊,Weifang,119.1939,36.7731
1653A,火炬城,Huojucheng,济宁,Jining,116.6305,35.428
1654A,监测站,Jiancezhan,济宁,Jining,116.5856,35.4144
1655A,电化厂,Dianhuachang,济宁,Jining,116.5546,35.4039
1656A,监测站,Jiancezhan,泰安,Taian,117.1436,36.1942
1657A,人口学校,Renkouxuexiao,泰安,Taian,117.0881,36.1942
1658A,电力学校,Dianlixuexiao,泰安,Taian,117.1081,36.1758
1659A,监测站,Jiancezhan,日照,Rizhao,119.4641,35.4178
1660A,市政府广场,Shizhengfuguangchang,日照,Rizhao,119.5198,35.4234
1661A,港务局,Gangwuju,日照,Rizhao,119.54,35.3962
1662A,华夏技校,Huaxiajixiao,威海,Weihai,122.1206,37.4294
1663A,山大分校,Shandafenxiao,威海,Weihai,122.0508,37.5325
1664A,市监测站,Shijiancezhan,威海,Weihai,122.1067,37.5072
1665A,西城阳光环保公司,Xichengyangguanghuanbaogongsi,东营,Dongying,118.5019,37.4658
1666A,市环保局,Shihuanbaoju,东营,Dongying,118.6672,37.4314
1667A,耿井村,Gengjingcun,东营,Dongying,118.5857,37.4442
1668A,广南水库,Guangnanshuiku,东营,Dongying,118.8192,37.3781
1669A,市八中,Shibazhong,韶关,Shaoguan,113.586606,24.769519
1670A,碧湖山庄,Bihushanzhuang,韶关,Shaoguan,113.5593889,24.81119444
1671A,园林处,Yuanlinchu,韶关,Shaoguan,113.598061,24.795928
1672A,韶关学院,Shaoguanxueyuan,韶关,Shaoguan,113.6734722,24.77908333
1673A,曲江监测站,Qujiangjiancezhan,韶关,Shaoguan,113.5970833,24.68636111
1674A,金平子站,Jinpingzizhan,汕头,Shantou,116.6794,23.3667
1675A,龙湖子站,Longhuzizhan,汕头,Shantou,116.7244,23.3633
1676A,濠江子站,Haojiangzizhan,汕头,Shantou,116.7258,23.2775
1677A,澄海子站,Chenghaizizhan,汕头,Shantou,116.7519,23.4714
1678A,潮阳子站,Chaoyangzizhan,汕头,Shantou,116.6092,23.2539
1679A,潮南子站,Chaonanzizhan,汕头,Shantou,116.4019,23.2536
1680A,湛江影剧院,Zhanjiangyingjuyuan,湛江,Zhanjiang,110.3539,21.2706
1681A,市环境监测站,Shihuanjingjiancezhan,湛江,Zhanjiang,110.3928,21.2228
1682A,环保局宿舍,Huanbaojusushe,湛江,Zhanjiang,110.4019,21.1997
1683A,霞山游泳场,Xiashanyouyongchang,湛江,Zhanjiang,110.4111,21.2028
1684A,麻章区环保局,Mazhangquhuanbaoju,湛江,Zhanjiang,110.3316,21.2679
1685A,坡头区环保局,Potouquhuanbaoju,湛江,Zhanjiang,110.4558,21.2567
1686A,市环保局茂港分局,Shihuanbaojumaogangfenju,茂名,Maoming,111.0286,21.4689
1687A,茂石化七小,Maoshihuaqixiao,茂名,Maoming,110.9294,21.6533
1688A,健康路,Jiankanglu,茂名,Maoming,110.9067,21.6669
1689A,高岭,Gaoling,茂名,Maoming,110.8592,21.6828
1690A,嘉应大学,Jiayingdaxue,梅州,Meizhou,116.1278,24.3289
1691A,梅县新城,Meixianxincheng,梅州,Meizhou,116.0797,24.2719
1692A,环境监控中心,Huanjingjiankongzhongxin,梅州,Meizhou,116.1248,24.2654
1693A,市环保局,Shihuanbaoju,汕尾,Shanwei,115.3653,22.775
1694A,市政府,Shizhengfu,汕尾,Shanwei,115.3706,22.7898
1695A,新城中学,Xinchengzhongxue,汕尾,Shanwei,115.3622,22.7925
1696A,市自来水厂,Shizilaishuichang,河源,Heyuan,114.6778,23.7569
1697A,市三小,Shisanxiao,河源,Heyuan,114.6944,23.7586
1698A,河源中学,Heyuanzhongxue,河源,Heyuan,114.6892,23.7233
1699A,鸳鸯湖,Yuanyanghu,阳江,Yangjiang,111.9786,21.8586
1700A,南恩路,Nanenlu,阳江,Yangjiang,111.9508,21.8536
1701A,马南垌,Manantong,阳江,Yangjiang,111.9494,21.865
1702A,环保局,Huanbaoju,清远,Qingyuan,113.0425,23.6936
1703A,凤城街办,Fengchengjieban,清远,Qingyuan,113.0208,23.7106
1704A,扶贫区,Fupinqu,清远,Qingyuan,113.0622,23.6272
1705A,西园路,Xiyuanlu,潮州,Chaozhou,116.6339,23.6714
1706A,档案局,Danganju,潮州,Chaozhou,116.6447,23.6706
1707A,市政公司,Shizhenggongsi,潮州,Chaozhou,116.6175,23.6531
1708A,东湖公园,Donghugongyuan,揭阳,Jieyang,116.3697,23.5353
1709A,仙滘,Xianjiao,揭阳,Jieyang,116.3242,23.5486
1710A,中长,Zhongzhang,揭阳,Jieyang,116.3594,23.5739
1711A,渔湖初级中学,Yuhuchujizhongxue,揭阳,Jieyang,116.4094,23.5292
1712A,新市府,Xinshifu,云浮,Yunfu,112.0392,22.9169
1713A,市监测站,Shijiancezhan,云浮,Yunfu,112.0369,22.9394
1714A,牧羊,Muyang,云浮,Yunfu,112.0539,22.9539
1715A,东风水库,Dongfengshuiku,玉溪,Yuxi,102.5778,24.3694
1716A,市监测站,Shijiancezhan,玉溪,Yuxi,102.5433,24.3603
1717A,大营街镇,Dayingjiezhen,玉溪,Yuxi,102.4964,24.3411
1718A,市气象局,Shiqixiangju,菏泽,Heze,115.42277,35.248889
1719A,市政协,Shizhengxie,菏泽,Heze,115.474722,35.2375
1720A,菏泽学院,Hezexueyuan,菏泽,Heze,115.455,35.27
1721A,果树场,Guoshuchang,大同,Datong,113.3819,40.1097
1722A,红旗广场,Hongqiguangchang,大同,Datong,113.2858,40.0958
1723A,云冈宾馆,Yungangbinguan,大同,Datong,113.2994,40.0758
1724A,大同大学,Datongdaxue,大同,Datong,113.3444,40.0917
1725A,安家小村,Anjiaxiaocun,大同,Datong,113.2661,40.1269
1726A,教育学院,Jiaoyuxueyuan,大同,Datong,113.2711,40.0844
1727A,清华站,Qinghuazhan,长治,Zhangzhi,113.1097,36.1542
1728A,监测站,Jiancezhan,长治,Zhangzhi,113.0972,36.1939
1729A,澳瑞特,Aoruite,长治,Zhangzhi,113.151816,36.196661
1730A,审计局,Shenjiju,长治,Zhangzhi,113.0886,36.2126
1731A,长治八中,Zhangzhibazhong,长治,Zhangzhi,113.0844444,36.1855
1732A,市监测站,Shijiancezhan,临汾,Linfen,111.5125,36.0978
1733A,临钢医院,Lingangyiyuan,临汾,Linfen,111.5531,36.0783
1734A,技工学校,Jigongxuexiao,临汾,Linfen,111.5028,36.0714
1735A,工商学校,Gongshangxuexiao,临汾,Linfen,111.5169,36.0822
1736A,市委,Shiwei,临汾,Linfen,111.5025,36.0875
1737A,南机场,Nanjichang,临汾,Linfen,111.4917,36.0417
1738A,市中心,Shizhongxin,阳泉,Yangquan,113.5753,37.8564
1739A,赛鱼,Saiyu,阳泉,Yangquan,113.4922,37.8792
1740A,南庄,Nanzhuang,阳泉,Yangquan,113.5922,37.8561
1741A,白羊墅,Baiyangshu,阳泉,Yangquan,113.6292,37.8531
1742A,平坦,Pingtan,阳泉,Yangquan,113.5689,37.8694
1743A,大阳泉,Dayangquan,阳泉,Yangquan,113.5158,37.85
1744A,松山一中,Songshanyizhong,赤峰,Chifeng,118.9233,42.2814
1745A,哈达街,Hadajie,赤峰,Chifeng,118.9572,42.2725
1746A,天义路,Tianyilu,赤峰,Chifeng,118.8789,42.2556
1747A,松山路,Songshanlu,赤峰,Chifeng,119.2719,42.0317
1748A,深沟寺,Shengousi,鞍山,Anshan,123.044,41.1196
1749A,中心站,Zhongxinzhan,鞍山,Anshan,123.011,41.0931
1750A,太平子站,Taipingzizhan,鞍山,Anshan,123.0485,41.1442
1751A,铁西,Tiexi,鞍山,Anshan,122.9642,41.0971
1752A,开发区,Kaifaqu,鞍山,Anshan,122.9481,41.0833
1753A,明达新区,Mingdaxinqu,鞍山,Anshan,123.0156,41.0831
1754A,千山公园,Qianshangongyuan,鞍山,Anshan,123.1289,41.0228
1755A,望花,Wanghua,抚顺,Fushun,123.81,41.8469
1756A,新华,Xinhua,抚顺,Fushun,123.9169,41.8828
1757A,东洲,Dongzhou,抚顺,Fushun,124.0383,41.8625
1758A,站前,Zhanqian,抚顺,Fushun,123.9,41.8594
1759A,水库,Shuiku,抚顺,Fushun,124.0878,41.8864
1760A,沈抚新城,Shenfuxincheng,抚顺,Fushun,123.7117,41.8417
1761A,大峪,Dayu,本溪,Benxi,123.8436,41.3283
1762A,溪湖,Xihu,本溪,Benxi,123.7528,41.3369
1763A,彩屯,Caitun,本溪,Benxi,123.7308,41.3047
1764A,东明,Dongming,本溪,Benxi,123.7669,41.2864
1765A,职业病院,Zhiyebingyuan,本溪,Benxi,123.7989,41.2692
1766A,威宁,Weining,本溪,Benxi,123.8142,41.3472
1767A,南山,Nanshan,锦州,Jinzhou,121.0986,41.0781
1768A,开发区,Kaifaqu,锦州,Jinzhou,121.045,40.8333
1769A,百股水厂,Baigushuichang,锦州,Jinzhou,121.2008,41.1219
1770A,监测站,Jiancezhan,锦州,Jinzhou,121.1178,41.1222
1771A,北湖公园,Beihugongyuan,锦州,Jinzhou,121.1303,41.1386
1772A,哈达湾,Hadawan,吉林,Jilin,126.555,43.8875
1773A,东局子,Dongjuzi,吉林,Jilin,126.5844,43.8358
1774A,电力学院,Dianlixueyuan,吉林,Jilin,126.4978,43.8228
1775A,江北,Jiangbei,吉林,Jilin,126.5786,43.8947
1776A,江南公园,Jiangnangongyuan,吉林,Jilin,126.55,43.8256
1777A,农科院,Nongkeyuan,吉林,Jilin,126.4667,43.95
1778A,丰满,Fengman,吉林,Jilin,126.6772,43.7256
1779A,安居小区,Anjuxiaoqu,齐齐哈尔,Qiqihaer,123.9305,47.3636
1780A,中心广场,Zhongxinguangchang,齐齐哈尔,Qiqihaer,123.9305,47.3386
1781A,农牧车辆厂,Nongmucheliangchang,齐齐哈尔,Qiqihaer,123.9483,47.3227
1782A,富区环保局,Fuquhuanbaoju,齐齐哈尔,Qiqihaer,123.6261,47.203
1783A,市环境监测站,Shihuanjingjiancezhan,齐齐哈尔,Qiqihaer,123.945,47.2988
1784A,环保大楼　,Huanbaodalou,牡丹江,Mudanjiang,129.61,44.561
1785A,文化广场　,Wenhuaguangchang,牡丹江,Mudanjiang,129.6115,44.5782
1786A,第一医院,Diyiyiyuan,牡丹江,Mudanjiang,129.5902,44.5952
1787A,机车工厂,Jichegongchang,牡丹江,Mudanjiang,129.6459,44.6104
1788A,第一中学,Diyizhongxue,牡丹江,Mudanjiang,129.6386,44.5462
1789A,大同区,Datongqu,大庆,Daqing,124.8354,46.0347
1790A,龙凤区,Longfengqu,大庆,Daqing,125.112,46.528
1791A,红岗区,Honggangqu,大庆,Daqing,124.8847,46.3991
1792A,萨尔图区,Saertuqu,大庆,Daqing,125.1386,46.5776
1793A,让胡路区,Ranghuluqu,大庆,Daqing,124.8648,46.6219
1794A,监测站,Jiancezhan,芜湖,Wuhu,118.3528,31.3508
1795A,科创中心,Kechuangzhongxin,芜湖,Wuhu,118.37,31.4189
1796A,四水厂,Sishuichang,芜湖,Wuhu,118.3708,31.3178
1797A,五七二零厂,Wuqierlingchang,芜湖,Wuhu,118.4022,31.3839
1798A,湖东路四小,Hudonglusixiao,马鞍山,Maanshan,118.5058,31.6861
1799A,天平服装,Tianpingfuzhuang,马鞍山,Maanshan,118.4828,31.6411
1800A,慈湖二小,Cihuerxiao,马鞍山,Maanshan,118.5106,31.7506
1801A,马钢动力厂,Magangdonglichang,马鞍山,Maanshan,118.48,31.6928
1802A,市教育基地,Shijiaoyujidi,马鞍山,Maanshan,118.6439,31.7133
1803A,十里,Shili,九江,Jiujiang,115.9872,29.6816
1804A,茅山头,Maoshantou,九江,Jiujiang,115.9581,29.7048
1805A,西园,Xiyuan,九江,Jiujiang,115.988,29.7292
1806A,五七二七厂,Wuqierqichang,九江,Jiujiang,116.0174,29.6535
1807A,水科所,Shuikesuo,九江,Jiujiang,116.0628,29.6926
1808A,综合工业园,Zonghegongyeyuan,九江,Jiujiang,115.9114,29.6039
1809A,石化总厂,Shihuazongchang,九江,Jiujiang,116.0726,29.7534
1810A,庐山气象台,Lushanqixiangtai,九江,Jiujiang,115.9936,29.5867
1811A,中信二小,Zhongxinerxiao,洛阳,Luoyang,112.3628,34.6692
1812A,市委党校,Shiweidangxiao,洛阳,Luoyang,112.3939,34.6511
1813A,市监测站,Shijiancezhan,洛阳,Luoyang,112.4333,34.67
1814A,豫西宾馆,Yuxibinguan,洛阳,Luoyang,112.4664,34.6869
1815A,河南林校,Henanlinxiao,洛阳,Luoyang,112.4831,34.6869
1816A,开发区管委会,Kaifaquguanweihui,洛阳,Luoyang,112.3844,34.6231
1817A,市委新办公区,Shiweixinbangongqu,洛阳,Luoyang,112.4275,34.6258
1818A,棉研所,Mianyansuo,安阳,Anyang,114.483,36.061
1819A,红庙街,Hongmiaojie,安阳,Anyang,114.32,36.086
1820A,银杏小区,Yinxingxiaoqu,安阳,Anyang,114.358,36.087
1821A,环保局,Huanbaoju,安阳,Anyang,114.3931,36.0883
1822A,铁佛寺,Tiefosi,安阳,Anyang,114.286,36.11
1823A,河大一附院,Hedayifuyuan,开封,Kaifeng,114.3406,34.8022
1824A,肿瘤医院,Zhongliuyiyuan,开封,Kaifeng,114.3389,34.7781
1825A,妇幼保健院,Fuyoubaojianyuan,开封,Kaifeng,114.3733,34.7975
1826A,世纪星幼儿园,Shijixingyoueryuan,开封,Kaifeng,114.2886,34.7967
1827A,市监测站　,Shijiancezhan,焦作,Jiaozuo,113.261,35.235
1828A,市环保局　,Shihuanbaoju,焦作,Jiaozuo,113.227,35.213
1829A,高新区政府,Gaoxinquzhengfu,焦作,Jiaozuo,113.2464,35.1764
1830A,影视城,Yingshicheng,焦作,Jiaozuo,113.1992,35.259
1831A,高压开关厂,Gaoyakaiguanchang,平顶山,Pingdingshan,113.3064,33.7214
1832A,新华旅馆,Xinhualu:guan,平顶山,Pingdingshan,113.322,33.721
1833A,规划设计院,Guihuashejiyuan,平顶山,Pingdingshan,113.292,33.739
1834A,平顶山工学院,Pingdingshangongxueyuan,平顶山,Pingdingshan,113.182,33.737
1835A,市政府,Shizhengfu,三门峡,Sanmenxia,111.1928,34.7772
1836A,开发区,Kaifaqu,三门峡,Sanmenxia,111.158,34.794
1837A,二  印,Eryin,三门峡,Sanmenxia,111.1858,34.7917
1838A,风景区,Fengjingqu,三门峡,Sanmenxia,111.1489,34.7997
1839A,四零三,Silingsan,宜昌,Yichang,111.3009,30.7157
1840A,白龙岗,Bailonggang,宜昌,Yichang,111.2992,30.698
1841A,伍家岗,Wujiagang,宜昌,Yichang,111.3549,30.6463
1842A,点军区,Dianjunqu,宜昌,Yichang,111.268,30.696
1843A,夷陵区,Yilingqu,宜昌,Yichang,111.3296,30.7819
1844A,市图书馆,Shitushuguan,荆州,Jingzhou,112.2551,30.3175
1845A,市委党校,Shiweidangxiao,荆州,Jingzhou,112.2068,30.3515
1846A,科融环保,Keronghuanbao,荆州,Jingzhou,112.2887,30.3055
1847A,南湖风景区,Nanhufengjingqu,岳阳,Yueyang,113.1094,29.3578
1848A,城陵矶,Chenglingji,岳阳,Yueyang,113.1493,29.4251
1849A,开发区,Kaifaqu,岳阳,Yueyang,113.1772,29.3678
1850A,云溪区,Yunxiqu,岳阳,Yueyang,113.2621,29.4758
1851A,君山区,Junshanqu,岳阳,Yueyang,112.9943,29.4402
1852A,金凤水库,Jinfengshuiku,岳阳,Yueyang,113.2117,29.355
1853A,市监测站,Shijiancezhan,常德,Changde,111.7044,29.0244
1854A,市二中,Shierzhong,常德,Changde,111.6975,28.9703
1855A,鼎城区环保局,Dingchengquhuanbaoju,常德,Changde,111.6753,29.0239
1856A,市技术监督局,Shijishujianduju,常德,Changde,111.6794,29.0381
1857A,白鹤山,Baiheshan,常德,Changde,111.7158,29.1456
1858A,永定新区,Yongdingxinqu,张家界,Zhangjiajie,110.48,29.1389
1859A,电业局,Dianyeju,张家界,Zhangjiajie,110.4697,29.1242
1860A,未央路,Weiyanglu,张家界,Zhangjiajie,110.5594,29.3547
1861A,袁家界,Yuanjiajie,张家界,Zhangjiajie,110.4417,29.315
1862A,电子科大尧山校区,Dianzikedayaoshanxiaoqu,桂林,Guilin,110.4144,25.3167
1863A,监测站,Jiancezhan,桂林,Guilin,110.2819,25.2697
1864A,龙隐路小学,Longyinluxiaoxue,桂林,Guilin,110.3089,25.2708
1865A,八中,Bazhong,桂林,Guilin,110.2869,25.2178
1866A,牛尾岭水库,Niuweilingshuiku,北海,Beihai,109.2256,21.5958
1867A,海滩公园,Haitangongyuan,北海,Beihai,109.1436,21.4086
1868A,新市环保局,Xinshihuanbaoju,北海,Beihai,109.0981,21.4661
1869A,北海工业园,Beihaigongyeyuan,北海,Beihai,109.1778,21.5233
1870A,柳东小学,Liudongxiaoxue,柳州,Liuzhou,109.4883,24.3898
1871A,环保监测站,Huanbaojiancezhan,柳州,Liuzhou,109.4108,24.3304
1872A,河西水厂,Hexishuichang,柳州,Liuzhou,109.3886,24.3406
1873A,市四中,Shisizhong,柳州,Liuzhou,109.4221,24.299
1874A,市九中,Shijiuzhong,柳州,Liuzhou,109.3957,24.3663
1875A,古亭山,Gutingshan,柳州,Liuzhou,109.4839,24.3158
1876A,河东子站,Hedongzizhan,三亚,Sanya,109.5078,18.2489
1877A,河西子站,Hexizizhan,三亚,Sanya,109.4964,18.2681
1878A,富乐山,Fuleshan,绵阳,Mianyang,104.7778,31.4747
1879A,市人大,Shirenda,绵阳,Mianyang,104.7536,31.4539
1880A,高新区自来水公司,Gaoxinquzilaishuigongsi,绵阳,Mianyang,104.6717,31.4656
1881A,三水厂,Sanshuichang,绵阳,Mianyang,104.7283,31.5072
1882A,石马中学,Shimazhongxue,宜宾,Yibin,104.5969,28.8194
1883A,市委,Shiwei,宜宾,Yibin,104.6225,28.76611
1884A,宜宾四中,Yibinsizhong,宜宾,Yibin,104.6061,28.7867
1885A,市政府,Shizhengfu,宜宾,Yibin,104.6417,28.76389
1886A,黄金嘴,Huangjinzui,宜宾,Yibin,104.5761,28.71583
1887A,沙坪中学,Shapingzhongxue,宜宾,Yibin,104.6789,28.7989
1888A,弄弄坪,Nongnongping,攀枝花,Panzhihua,101.6939,26.5703
1889A,河门口,Hemenkou,攀枝花,Panzhihua,101.5769,26.5928
1890A,炳草岗,Bingcaogang,攀枝花,Panzhihua,101.7169,26.585
1891A,仁和,Renhe,攀枝花,Panzhihua,101.7453,26.5017
1892A,金江,Jinjiang,攀枝花,Panzhihua,101.848689,26.548573
1893A,九狮山,Jiushishan,泸州,Luzhou,105.4306,28.9583
1894A,小市上码头,Xiaoshishangmatou,泸州,Luzhou,105.4436,28.9026
1895A,兰田宪桥,Lantianxianqiao,泸州,Luzhou,105.4322,28.8558
1896A,市环监站,Shihuanjianzhan,泸州,Luzhou,105.4322,28.8833
1897A,大塘山,Datangshan,自贡,Zigong,104.7547,29.3628
1898A,盐马路,Yanmalu,自贡,Zigong,104.7214,29.3586
1899A,檀木林街,Tanmulinjie,自贡,Zigong,104.7747,29.3564
1900A,春华路,Chunhualu,自贡,Zigong,104.7692,29.3411
1901A,东山公园,Dongshangongyuan,德阳,Deyang,104.4219,31.1208
1902A,西小区,Xixiaoqu,德阳,Deyang,104.3883,31.1333
1903A,市检察院,Shijianchayuan,德阳,Deyang,104.4053,31.1167
1904A,耐火材料厂,Naihuocailiaochang,德阳,Deyang,104.3539,31.1108
1905A,西山风景区,Xishanfengjingqu,南充,Nanchong,106.056,30.8064
1906A,南充市委,Nanchongshiwei,南充,Nanchong,106.0789,30.8023
1907A,南充炼油厂,Nanchonglianyouchang,南充,Nanchong,106.1031,30.8217
1908A,高坪区监测站,Gaopingqujiancezhan,南充,Nanchong,106.1064,30.7856
1909A,嘉陵区环保局,Jialingquhuanbaoju,南充,Nanchong,106.0642,30.7636
1910A,市环境监测站,Shihuanjingjiancezhan,南充,Nanchong,106.1087,30.8388
1911A,丁字口,Dingzikou,遵义,Zunyi,106.9222,27.6869
1912A,凤凰山,Fenghuangshan,遵义,Zunyi,106.9242,27.7019
1913A,忠庄,Zhongzhuang,遵义,Zunyi,106.8906,27.6486
1914A,舟水桥,Zhoushuiqiao,遵义,Zunyi,106.9231,27.6506
1915A,干田坝,Gantianba,遵义,Zunyi,106.9178,27.72
1916A,环境监测站,Huanjingjiancezhan,曲靖,Qujing,103.7897,25.5035
1917A,烟厂办公区,Yanchangbangongqu,曲靖,Qujing,103.8,25.5364
1918A,气象站,Qixiangzhan,咸阳,Xianyang,108.7197,34.3956
1919A,中华小区,Zhonghuaxiaoqu,咸阳,Xianyang,108.6761,34.3181
1920A,师范学院,Shifanxueyuan,咸阳,Xianyang,108.7233,34.3617
1921A,中医学院,Zhongyixueyuan,咸阳,Xianyang,108.7369,34.3164
1922A,党校,Dangxiao,铜川,Tongchuan,109.0656,35.0994
1923A,王益区政府,Wangyiquzhengfu,铜川,Tongchuan,109.0697,35.0697
1924A,新区管委会,Xinquguanweihui,铜川,Tongchuan,108.9344,34.9058
1925A,新区兰芝公司,Xinqulanzhigongsi,铜川,Tongchuan,108.9589,34.8731
1926A,枣园,Zaoyuan,延安,Yanan,109.4131,36.6275
1927A,延大医附院,Yandayifuyuan,延安,Yanan,109.4761,36.6028
1928A,市监测站,Shijiancezhan,延安,Yanan,109.4824,36.5767
1929A,百米大道,Baimidadao,延安,Yanan,109.5056,36.6106
1930A,庙沟村,Miaogoucun,宝鸡,Baoji,107.1586,34.3708
1931A,竹园沟,Zhuyuangou,宝鸡,Baoji,107.0708,34.3017
1932A,三陆医院,Sanluyiyuan,宝鸡,Baoji,107.1906,34.3672
1933A,监测站,Jiancezhan,宝鸡,Baoji,107.1431,34.3547
1934A,技工学校,Jigongxuexiao,宝鸡,Baoji,107.1186,34.3739
1935A,陈仓环保局,Chencanghuanbaoju,宝鸡,Baoji,107.3906,34.3528
1936A,文理学院,Wenlixueyuan,宝鸡,Baoji,107.2058,34.3497
1937A,三迪小学,Sandixiaoxue,宝鸡,Baoji,107.2386,34.3622
1938A,农科所,Nongkesuo,渭南,Weinan,109.5293,34.5101
1939A,日报社,Ribaoshe,渭南,Weinan,109.5049,34.5004
1940A,体育馆,Tiyuguan,渭南,Weinan,109.4636,34.493
1941A,高新一小,Gaoxinyixiao,渭南,Weinan,109.4266,34.5021
1942A,市科委,Shikewei,金昌,Jinchang,102.1878,38.5247
1943A,新川苑,Xinchuanyuan,金昌,Jinchang,102.1725,38.5339
1944A,公司二招,Gongsierzhao,金昌,Jinchang,102.1708,38.5061
1945A,气象局,Qixiangju,嘉峪关,Jiayuguan,98.2908,39.7711
1946A,酒钢耐材公司,Jiugangnaicaigongsi,嘉峪关,Jiayuguan,98.2842,39.8092
1947A,沙湖旅游区,Shahulu:youqu,石嘴山,Shizuishan,106.3394,38.817
1948A,大武口黄河东街,Dawukouhuanghedongjie,石嘴山,Shizuishan,106.3717,39.0153
1949A,惠农南大街,Huinongnandajie,石嘴山,Shizuishan,106.7704,39.2282
1950A,红果子镇惠新街,Hongguozizhenhuixinjie,石嘴山,Shizuishan,106.7096,39.1292
1951A,长征新村,Zhangzhengxincun,克拉玛依,Kelamayi,84.8861,45.6033
1952A,南林小区,Nanlinxiaoqu,克拉玛依,Kelamayi,84.8897,45.5828
1953A,白碱滩区,Baijiantanqu,克拉玛依,Kelamayi,85.1186,45.6886
1954A,独山子区,Dushanziqu,克拉玛依,Kelamayi,84.8983,44.3336
1955A,乌尔禾区商贸楼,Wuerhequshangmaolou,克拉玛依,Kelamayi,85.6931,46.0872
1956A,孔雀公园,Kongquegongyuan,库尔勒,Kuerle,86.1461,41.7511
1957A,棉纺厂,Mianfangchang,库尔勒,Kuerle,86.2022,41.7192
1958A,经济开发区,Jingjikaifaqu,库尔勒,Kuerle,86.2381,41.7128
1959A,监测站,Jiancezhan,寿光,Shouguang,118.746,36.881
1960A,世纪学校,Shijixuexiao,寿光,Shouguang,118.78,36.864
1961A,环境监测站,Huanjingjiancezhan,章丘,Zhangqiu,117.541,36.71
1962A,明水开发区,Mingshuikaifaqu,章丘,Zhangqiu,117.541,36.71
1963A,环保局子站,Huanbaojuzizhan,即墨,Jimo,120.61,36.44
1964A,开发区子站,Kaifaquzizhan,即墨,Jimo,120.47,36.39
1965A,JN子站,Jnzizhan,胶南,Jiaonan,120.005,35.878
1966A,2号子站,2haozizhan,胶南,Jiaonan,120.039,35.872
1967A,胶州环保局,Jiaozhouhuanbaoju,胶州,Jiaozhou,120.008,36.283
1968A,胶州一中,Jiaozhouyizhong,胶州,Jiaozhou,120.014,36.253
1969A,环保局子站,Huanbaojuzizhan,莱西,Laixi,120.537,36.865
1970A,人民广场子站,Renminguangchangzizhan,莱西,Laixi,120.515,36.885
1971A,1号,1hao,平度,Pingdu,119.952,36.792
1972A,2号,2hao,平度,Pingdu,119.976,36.799
1973A,蓬莱环保局,Penglaihuanbaoju,蓬莱,Penglai,120.747,37.825
1974A,蓬莱博物馆,Penglaibowuguan,蓬莱,Penglai,120.773,37.809
1975A,招远环保局,Zhaoyuanhuanbaoju,招远,Zhaoyuan,120.399,37.374
1976A,招远教育局,Zhaoyuanjiaoyuju,招远,Zhaoyuan,120.394,37.364
1977A,莱州环保局,Laizhouhuanbaoju,莱州,Laizhou,119.941,37.177
1978A,莱州外经委,Laizhouwaijingwei,莱州,Laizhou,119.959,37.18
1979A,荣成市环保局办公楼,Rongchengshihuanbaojubangonglou,荣成,Rongcheng,122.471,37.154
1980A,山东成山轮胎公司,Shandongchengshanluntaigongsi,荣成,Rongcheng,122.41,37.161
1981A,文登市环保局,Wendengshihuanbaoju,文登,Wendeng,122.038,37.197
1982A,文登市丝绸公司,Wendengshisichougongsi,文登,Wendeng,122.019,37.187
1983A,乳山市环保局,Rushanshihuanbaoju,乳山,Rushan,121.531,36.913
1984A,乳山市气象局,Rushanshiqixiangju,乳山,Rushan,121.544,36.907
1985A,吴江市环保局,Wujiangshihuanbaoju,吴江,Wujiang,120.636,31.155
1986A,教师进修学校,Jiaoshijinxiuxuexiao,吴江,Wujiang,120.635,31.17
1987A,吴江开发区,Wujiangkaifaqu,吴江,Wujiang,120.658,31.172
1988A,昆山实验小学,Kunshanshiyanxiaoxue,昆山,Kunshan,120.953,31.388
1989A,震川中学,Zhenchuanzhongxue,昆山,Kunshan,120.999,31.381
1990A,海虞子站,Haiyuzizhan,常熟,Changshu,120.758,31.67
1991A,兴福子站,Xingfuzizhan,常熟,Changshu,120.721,31.671
1992A,菱塘子站,Lingtangzizhan,常熟,Changshu,120.734,31.656
1993A,张家港市监测站,Zhangjiagangshijiancezhan,张家港,Zhangjiagang,120.526,31.874
1994A,城北小学,Chengbeixiaoxue,张家港,Zhangjiagang,120.55,31.882
1995A,太仓市监测站,Taicangshijiancezhan,太仓,Taicang,121.115,31.453
1996A,科教新城实小,Kejiaoxinchengshixiao,太仓,Taicang,121.14,31.422
1997A,消防指挥中心,Xiaofangzhihuizhongxin,句容,Jurong,119.146,31.955
1998A,房家坝,Fangjiaba,句容,Jurong,119.18,31.955
1999A,虹桥邮政,Hongqiaoyouzheng,江阴,Jiangyin,120.268,31.92
2000A,五星公园,Wuxinggongyuan,江阴,Jiangyin,120.237,31.909
2001A,第二实验小学,Diershiyanxiaoxue,江阴,Jiangyin,120.302,31.92
2002A,宜兴市环保局,Yixingshihuanbaoju,宜兴,Yixing,119.818,31.354
2003A,宜园,Yiyuan,宜兴,Yixing,119.794,31.371
2004A,金坛市环境监测站,Jintanshihuanjingjiancezhan,金坛,Jintan,119.579,31.751
2005A,金坛市自来水公司,Jintanshizilaishuigongsi,金坛,Jintan,119.579,31.737
2006A,溧阳市东门子站,Liyangshidongmenzizhan,溧阳,Liyang,119.46,31.4
2007A,燕山子站,Yanshanzizhan,溧阳,Liyang,119.438,31.317
2008A,海门市监测站,Haimenshijiancezhan,海门,Haimen,121.173,31.896
2009A,蓓蕾幼儿园,Beileiyoueryuan,海门,Haimen,121.154,31.896
2010A,市政府,Shizhengfu,临安,Linan,119.7183,30.2366
2011A,四中,Sizhong,临安,Linan,119.6942,30.2311
2012A,监测站,Jiancezhan,富阳,Fuyang,119.954,30.054
2013A,富春二小,Fuchunerxiao,富阳,Fuyang,119.946,30.049
2014A,江东,Jiangdong,义乌,Yiwu,120.091,29.305
2015A,北苑,Beiyuan,义乌,Yiwu,120.04,29.334
2016A,图书馆,Tushuguan,诸暨,Zhuji,120.251,29.719
2017A,富林印务,Fulinyinwu,诸暨,Zhuji,120.209,29.732
2018A,抱龙山庄,Baolongshanzhuang,瓦房店,Wafangdian,121.989,39.625
2019A,东山公园,Dongshangongyuan,瓦房店,Wafangdian,122.011,39.617
2031A,云田中学,Yuntianzhongxue,株洲,Zhuzhou,113.1817,27.9958
2054A,平桥分局,Pingqiaofenju,信阳,Xinyang,114.1044,32.1078
2064A,南湾水厂,Nanwanshuichang,信阳,Xinyang,114.0122,32.1403
2065A,市酿酒公司,Shiniangjiugongsi,信阳,Xinyang,114.0681,32.1342
2066A,审计局,Shenjiju,信阳,Xinyang,114.0614,32.1383
2067A,市环境监测站,Shihuanjingjiancezhan,周口,Zhoukou,114.6613,33.6128
2068A,周口师范,Zhoukoushifan,周口,Zhoukou,114.6758,33.6347
2069A,市运管处,Shiyunguanchu,周口,Zhoukou,114.6546,33.5979
2070A,川汇区环保局,Chuanhuiquhuanbaoju,周口,Zhoukou,114.6369,33.6406
2073A,蓝田,Lantian,漳州,Zhangzhou,117.7206,24.5086
2074A,漳州三中,Zhangzhousanzhong,漳州,Zhangzhou,117.6569,24.5157
2075A,九湖,Jiuhu,漳州,Zhangzhou,117.6336,24.4674
2160A,自来水公司,Zilaishuigongsi,晋城,Jincheng,112.85,35.5051
2161A,白云商贸,Baiyunshangmao,晋城,Jincheng,112.835,35.4934
2162A,市环保局,Shihuanbaoju,晋城,Jincheng,112.8564,35.4883
2163A,技术学院,Jishuxueyuan,晋城,Jincheng,112.8664,35.4894
2164A,泽州一中,Zezhouyizhong,晋城,Jincheng,112.8252,35.4813
2165A,白马寺,Baimasi,晋城,Jincheng,112.8453,35.546
2166A,平朔,Pingshuo,朔州,Shuozhou,112.44,39.3514
2167A,朔唯,Shuowei,朔州,Shuozhou,112.4549,39.3606
2168A,区政府,Quzhengfu,朔州,Shuozhou,112.4254,39.3179
2169A,市环保局,Shihuanbaoju,朔州,Shuozhou,112.4078,39.3265
2170A,市二中,Shierzhong,朔州,Shuozhou,112.4279,39.3673
2171A,锦纶小区,Jinlunxiaoqu,晋中,Jinzhong,112.7549,37.7019
2172A,榆次液压件厂,Yuciyeyajianchang,晋中,Jinzhong,112.7219,37.6892
2173A,南都小区,Nandouxiaoqu,晋中,Jinzhong,112.7306,37.7111
2174A,榆次区政府,Yuciquzhengfu,晋中,Jinzhong,112.7105,37.7087
2175A,运城中学,Yunchengzhongxue,运城,Yuncheng,110.9956,35.0147
2176A,禹都开发区,Yudoukaifaqu,运城,Yuncheng,111.0233,35.0611
2177A,运城学院,Yunchengxueyuan,运城,Yuncheng,111.0397,35.0394
2178A,地区技校,Diqujixiao,运城,Yuncheng,110.9678,35.0308
2179A,空港新区,Konggangxinqu,运城,Yuncheng,111.0414,35.1147
2180A,机引,Jiyin,忻州,Xinzhou,112.7356,38.4186
2181A,开发区,Kaifaqu,忻州,Xinzhou,112.7383,38.4519
2182A,会展中心,Huizhanzhongxin,忻州,Xinzhou,112.7003,38.4928
2183A,环保局,Huanbaoju,吕梁,Lu:liang,111.1406,37.5211
2184A,豆制品厂,Douzhipinchang,吕梁,Lu:liang,111.1283,37.5333
2185A,自来水公司,Zilaishuigongsi,吕梁,Lu:liang,111.1297,37.5136
2186A,聚英学校,Juyingxuexiao,乌海,Wuhai,106.8219,39.6719
2187A,市林业局,Shilinyeju,乌海,Wuhai,106.8089,39.6969
2188A,中海勃湾学校,Zhonghaibowanxuexiao,乌海,Wuhai,106.7931,39.6572
2189A,通辽宾馆,Tongliaobinguan,通辽,Tongliao,122.2603,43.6267
2190A,胶建铝业,Jiaojianlu:ye,通辽,Tongliao,122.3039,43.6156
2191A,艺术职业学校,Yishuzhiyexuexiao,通辽,Tongliao,122.2532,43.6801
2192A,区环保局,Quhuanbaoju,呼伦贝尔,Hulunbeier,119.7594,49.2261
2193A,市艺校,Shiyixiao,呼伦贝尔,Hulunbeier,119.7283,49.2014
2194A,秋林养殖基地,Qiulinyangzhijidi,巴彦淖尔,Bayannaoer,107.5936,40.916
2195A,附中,Fuzhong,巴彦淖尔,Bayannaoer,107.4211,40.7608
2196A,市环保大楼,Shihuanbaodalou,巴彦淖尔,Bayannaoer,107.3715,40.7378
2197A,集宁新区,Jiningxinqu,乌兰察布,Wulanchabu,113.1306,40.9923
2198A,集宁旧区西,Jiningjiuquxi,乌兰察布,Wulanchabu,113.0974,41.038
2199A,盟监测站,Mengjiancezhan,兴安盟,Xinganmeng,122.062,46.0872
2200A,胜华新制药厂,Shenghuaxinzhiyaochang,兴安盟,Xinganmeng,122.0506,46.0703
2201A,科右前旗环保局,Keyouqianqihuanbaoju,兴安盟,Xinganmeng,121.9462,46.0756
2202A,市环保监测站,Shihuanbaojiancezhan,锡林郭勒盟,Xilinguolemeng,116.1042,43.9317
2203A,市政府,Shizhengfu,锡林郭勒盟,Xilinguolemeng,116.0781,43.9311
2204A,体育场,Tiyuchang,阿拉善盟,Alashanmeng,105.6775,38.8343
2205A,盟环保楼,Menghuanbaolou,阿拉善盟,Alashanmeng,105.6975,38.843
2206A,环保局新楼,Huanbaojuxinlou,阿拉善盟,Alashanmeng,105.724,38.8516
2207A,工业园区,Gongyeyuanqu,阜新,Fuxin,121.6178,41.9967
2208A,人民公园,Renmingongyuan,阜新,Fuxin,121.6561,42.0186
2209A,农业园区,Nongyeyuanqu,阜新,Fuxin,121.6972,42.0503
2210A,环保局,Huanbaoju,阜新,Fuxin,121.6722,42.0228
2211A,玉龙新城子站,Yulongxinchengzizhan,阜新,Fuxin,121.6592,42.0486
2212A,辽化,Liaohua,辽阳,Liaoyang,123.2,41.1953
2213A,二零一血站,Erlingyixuezhan,辽阳,Liaoyang,123.15,41.2553
2214A,园林小区,Yuanlinxiaoqu,辽阳,Liaoyang,123.1761,41.2736
2215A,钢管厂,Gangguanchang,辽阳,Liaoyang,123.1417,41.2894
2216A,钢厂,Gangchang,铁岭,Tieling,123.8139,42.3022
2217A,水上乐园,Shuishangleyuan,铁岭,Tieling,123.8831,42.2953
2218A,本站,Benzhan,铁岭,Tieling,123.8489,42.2864
2219A,金沙江,Jinshajiang,铁岭,Tieling,123.7153,42.2217
2220A,一建构建厂,Yijiangoujianchang,朝阳,Chaoyang,120.4439,41.5931
2221A,园林管理处,Yuanlinguanlichu,朝阳,Chaoyang,120.4486,41.5672
2222A,面粉厂,Mianfenchang,朝阳,Chaoyang,120.4247,41.5647
2223A,龙城农业园区,Longchengnongyeyuanqu,朝阳,Chaoyang,120.3939,41.615
2224A,监测站,Jiancezhan,四平,Siping,124.3419,43.1747
2225A,一商场,Yishangchang,四平,Siping,124.3711,43.1594
2226A,境园,Jingyuan,四平,Siping,124.3897,43.1847
2227A,环保局,Huanbaoju,辽源,Liaoyuan,125.1358,42.8947
2228A,污水处理厂,Wushuichulichang,辽源,Liaoyuan,125.1567,42.8953
2229A,光明,Guangming,通化,Tonghua,125.9361,41.7156
2230A,铁路,Tielu,通化,Tonghua,125.9486,41.7381
2231A,喜丰,Xifeng,白山,Baishan,126.4047,41.9206
2232A,环保局,Huanbaoju,白山,Baishan,126.4078,41.9419
2233A,江南,Jiangnan,松原,Songyuan,124.8292,45.0878
2234A,江北,Jiangbei,松原,Songyuan,124.8528,45.1642
2235A,洮北区环保局,Taobeiquhuanbaoju,白城,Baicheng,122.8444,45.6289
2236A,市环保局,Shihuanbaoju,白城,Baicheng,122.8211,45.6175
2237A,妇幼医院,Fuyouyiyuan,延边州,Yanbianzhou,129.4892,42.8939
2238A,延边医院,Yanbianyiyuan,延边州,Yanbianzhou,129.5042,42.9061
2239A,朝阳川镇医院,Chaoyangchuanzhenyiyuan,延边州,Yanbianzhou,129.3675,42.8775
2240A,环保局　,Huanbaoju,鸡西,Jixi,130.962,45.2924
2241A,自来水公司　,Zilaishuigongsi,鸡西,Jixi,130.9817,45.305
2242A,白酒厂　,Baijiuchang,鸡西,Jixi,131.0103,45.2948
2243A,气象局　,Qixiangju,鸡西,Jixi,130.9298,45.2978
2244A,哈啤分公司,Hapifengongsi,鹤岗,Hegang,130.2659,47.3349
2245A,斯达机电,Sidajidian,鹤岗,Hegang,130.261,47.2753
2246A,东山纸板厂,Dongshanzhibanchang,鹤岗,Hegang,130.3172,47.3489
2247A,五号水库,Wuhaoshuiku,鹤岗,Hegang,130.1097,47.3382
2248A,双合村,Shuanghecun,双鸭山,Shuangyashan,131.1638,46.6572
2249A,南小市,Nanxiaoshi,双鸭山,Shuangyashan,131.1651,46.619
2250A,环保局,Huanbaoju,双鸭山,Shuangyashan,131.1516,46.6462
2251A,苗圃,Miaopu,双鸭山,Shuangyashan,131.1572,46.5888
2252A,中心医院,Zhongxinyiyuan,伊春,Yichun,128.8736,47.7222
2253A,林管局,Linguanju,伊春,Yichun,128.9094,47.7317
2254A,汤旺河国家公园,Tangwangheguojiagongyuan,伊春,Yichun,129.4942,48.4658
2255A,佳纺,Jiafang,佳木斯,Jiamusi,130.2719,46.8025
2256A,发电厂,Fadianchang,佳木斯,Jiamusi,130.3961,46.8267
2257A,环保局,Huanbaoju,佳木斯,Jiamusi,130.3258,46.7975
2258A,十一中,Shiyizhong,佳木斯,Jiamusi,130.3648,46.8032
2259A,四丰,Sifeng,佳木斯,Jiamusi,130.3794,46.7588
2260A,环保局,Huanbaoju,七台河,Qitaihe,131.0032,45.7677
2261A,新建　,Xinjian,七台河,Qitaihe,130.8625,45.8194
2262A,葫头沟,Hutougou,七台河,Qitaihe,130.9467,45.8309
2263A,交通局　,Jiaotongju,黑河,Heihe,127.4961,50.2486
2264A,党校,Dangxiao,黑河,Heihe,127.5044,50.2391
2265A,地震局　,Dizhenju,黑河,Heihe,127.4143,50.2538
2266A,人和东街,Renhedongjie,绥化,Suihua,126.9934,46.6384
2267A,党政办公中心,Dangzhengbangongzhongxin,绥化,Suihua,126.9636,46.6527
2268A,环保局,Huanbaoju,大兴安岭地区,Daxinganlingdiqu,124.1186,50.4269
2269A,公安局,Gonganju,大兴安岭地区,Daxinganlingdiqu,124.1303,50.4217
2270A,工人疗养院,Gongrenliaoyangyuan,蚌埠,Bangbu,117.3961,32.939
2271A,百货大楼,Baihuodalou,蚌埠,Bangbu,117.3575,32.9444
2272A,二水厂,Ershuichang,蚌埠,Bangbu,117.3086,32.935
2273A,蚌埠学院,Bangbuxueyuan,蚌埠,Bangbu,117.4186,32.8913
2274A,淮上区政府,Huaishangquzhengfu,蚌埠,Bangbu,117.3536,32.9673
2275A,高新区,Gaoxinqu,蚌埠,Bangbu,117.3065,32.8985
2276A,大通区政府,Datongquzhengfu,淮南,Huainan,117.0417,32.6611
2277A,潘集区政府,Panjiquzhengfu,淮南,Huainan,116.8028,32.7639
2278A,师范学院,Shifanxueyuan,淮南,Huainan,117.0083,32.645
2279A,谢家集区政府,Xiejiajiquzhengfu,淮南,Huainan,116.8556,32.6028
2280A,八公山区政府,Bagongshanquzhengfu,淮南,Huainan,116.8306,32.6319
2281A,焦岗湖风景区管理处,Jiaoganghufengjingquguanlichu,淮南,Huainan,116.7039,32.625
2282A,监测站,Jiancezhan,淮北,Huaibei,116.8008,33.975
2283A,烈山区政府,Lieshanquzhengfu,淮北,Huaibei,116.8067,33.8997
2284A,职业技术学院,Zhiyejishuxueyuan,淮北,Huaibei,116.7844,33.9461
2285A,市第四中学,Shidisizhongxue,铜陵,Tongling,117.8178,30.9414
2286A,市公路局,Shigongluju,铜陵,Tongling,117.8078,30.9222
2287A,市新民污水厂,Shixinminwushuichang,铜陵,Tongling,117.7806,30.9414
2288A,市第九中学,Shidijiuzhongxue,铜陵,Tongling,117.7442,30.8811
2289A,车站新区,Chezhanxinqu,铜陵,Tongling,117.8561,30.9219
2290A,市职教基地,Shizhijiaojidi,铜陵,Tongling,117.8472,30.9697
2291A,环科院,Huankeyuan,安庆,Anqing,117.0549,30.5103
2292A,马山宾馆,Mashanbinguan,安庆,Anqing,117.0299,30.5159
2293A,联富花园,Lianfuhuayuan,安庆,Anqing,117.0486,30.5489
2294A,安庆大学,Anqingdaxue,安庆,Anqing,116.9894,30.6145
2295A,延安路89号,Yananlu89hao,黄山,Huangshan,118.3057,29.7128
2296A,黄山东路89号,Huangshandonglu89hao,黄山,Huangshan,118.3236,29.7207
2297A,黄山区政府5号楼,Huangshanquzhengfu5haolou,黄山,Huangshan,118.1371,30.2756
2298A,老年大学,Laoniandaxue,滁州,Chuzhou,118.3094,32.3153
2299A,人大宾馆,Rendabinguan,滁州,Chuzhou,118.3244,32.2786
2300A,监测站,Jiancezhan,滁州,Chuzhou,118.3158,32.3061
2301A,市监测站,Shijiancezhan,阜阳,Fuyang,115.8275,32.8928
2302A,市委党校,Shiweidangxiao,阜阳,Fuyang,115.8106,32.8886
2303A,开发区,Kaifaqu,阜阳,Fuyang,115.8556,32.8603
2304A,监测楼,Jiancelou,宿州,Suzhou,116.9765,33.6481
2305A,一中,Yizhong,宿州,Suzhou,116.9677,33.6284
2306A,火车站,Huochezhan,宿州,Suzhou,116.9686,33.6401
2307A,监测大楼,Jiancedalou,六安,Liuan,116.508,31.7371
2308A,皖西学院,Wanxixueyuan,六安,Liuan,116.478,31.7618
2309A,朝阳厂,Chaoyangchang,六安,Liuan,116.5068,31.7797
2310A,开发区,Kaifaqu,六安,Liuan,116.5661,31.7712
2311A,污水处理厂,Wushuichulichang,亳州,Bozhou,115.8067,33.8399
2312A,三国揽胜宫,Sanguolanshenggong,亳州,Bozhou,115.7831,33.8561
2313A,环保大楼,Huanbaodalou,池州,Chizhou,117.4808,30.6414
2314A,池州学院,Chizhouxueyuan,池州,Chizhou,117.4697,30.6617
2315A,平天湖,Pingtianhu,池州,Chizhou,117.4974,30.6539
2316A,鳌峰子站,Aofengzizhan,宣城,Xuancheng,118.7581,30.9447
2317A,敬亭山子站,Jingtingshanzizhan,宣城,Xuancheng,118.7386,30.9742
2318A,开发区子站,Kaifaquzizhan,宣城,Xuancheng,118.7175,30.9431
2319A,荔城区仓后路,Lichengqucanghoulu,莆田,Putian,119.0156,25.442
2320A,莆田市监测站,Putianshijiancezhan,莆田,Putian,119.0018,25.4552
2321A,涵江区六中,Hanjiangquliuzhong,莆田,Putian,119.1117,25.4556
2322A,秀屿区政府,Xiuyuquzhengfu,莆田,Putian,119.1015,25.3214
2323A,东圳水库,Dongzhenshuiku,莆田,Putian,118.981,25.4792
2324A,三钢,Sangang,三明,Sanming,117.6211,26.2625
2325A,三明二中,Sanmingerzhong,三明,Sanming,117.6353,26.2708
2326A,三元区政府,Sanyuanquzhengfu,三明,Sanming,117.6028,26.2378
2327A,洋溪,Yangxi,三明,Sanming,117.7275,26.3108
2331A,茫荡山,Mangdangshan,南平,Nanping,118.0966,26.6761
2332A,南平市监测站,Nanpingshijiancezhan,南平,Nanping,118.1694,26.6383
2333A,南平铝业有限公司,Nanpinglu:yeyouxiangongsi,南平,Nanping,118.1819,26.6514
2334A,南平七中,Nanpingqizhong,南平,Nanping,118.1756,26.6272
2335A,龙岩师专,Longyanshizhuan,龙岩,Longyan,117.0181,25.1174
2336A,龙岩市监测站,Longyanshijiancezhan,龙岩,Longyan,117.0216,25.1035
2337A,闽西职业技术学院,Minxizhiyejishuxueyuan,龙岩,Longyan,117.0256,25.0661
2338A,龙岩学院,Longyanxueyuan,龙岩,Longyan,117.0151,25.0311
2339A,金涵水库,Jinhanshuiku,宁德,Ningde,119.5001,26.6946
2340A,蕉城区农机局,Jiaochengqunongjiju,宁德,Ningde,119.5202,26.6607
2341A,宁德市监测站,Ningdeshijiancezhan,宁德,Ningde,119.5392,26.6611
2342A,王岗中学,Wanggangzhongxue,景德镇,Jingdezhen,117.3097,29.3864
2343A,老干部活动中心,Laoganbuhuodongzhongxin,景德镇,Jingdezhen,117.2111,29.2958
2344A,兽医站,Shouyizhan,景德镇,Jingdezhen,117.1983,29.2786
2345A,台达陶瓷,Taidataoci,景德镇,Jingdezhen,117.1558,29.2647
2346A,陶研所,Taoyansuo,景德镇,Jingdezhen,117.2461,29.2956
2347A,武功山气象站,Wugongshanqixiangzhan,萍乡,Pingxiang,114.0944,27.4948
2348A,中医院,Zhongyiyuan,萍乡,Pingxiang,113.8381,27.6428
2349A,市政府车库,Shizhengfucheku,萍乡,Pingxiang,113.8447,27.6231
2350A,市环保局,Shihuanbaoju,萍乡,Pingxiang,113.8686,27.6442
2351A,安源区政府,Anyuanquzhengfu,萍乡,Pingxiang,113.865,27.6178
2352A,北岗,Beigang,新余,Xinyu,115.0586,27.7758
2353A,飞宇,Feiyu,新余,Xinyu,114.9831,27.8344
2354A,第二水厂,Diershuichang,新余,Xinyu,114.9289,27.8328
2355A,市气象局,Shiqixiangju,新余,Xinyu,114.9314,27.8036
2356A,新钢氧气厂,Xingangyangqichang,新余,Xinyu,114.9119,27.8042
2357A,龙虎山,Longhushan,鹰潭,Yingtan,116.9622,28.095
2358A,新监测站,Xinjiancezhan,鹰潭,Yingtan,117.0564,28.2642
2359A,财苑宾馆,Caiyuanbinguan,鹰潭,Yingtan,117.0281,28.2403
2360A,体育馆,Tiyuguan,鹰潭,Yingtan,117.0222,28.2264
2361A,三川水表,Sanchuanshuibiao,鹰潭,Yingtan,116.9983,28.2169
2362A,通天岩,Tongtianyan,赣州,Ganzhou,114.9064,25.9118
2363A,地委,Diwei,赣州,Ganzhou,114.9367,25.8664
2364A,气象台,Qixiangtai,赣州,Ganzhou,114.9461,25.8481
2365A,市图书馆,Shitushuguan,赣州,Ganzhou,114.9322,25.8333
2366A,华坚鞋城,Huajianxiecheng,赣州,Ganzhou,114.8905,25.8471
2367A,红声器材厂,Hongshengqicaichang,吉安,Jian,114.9817,27.0658
2368A,市森林工业局,Shisenlingongyeju,吉安,Jian,114.9739,27.11
2369A,市环境监测站,Shihuanjingjiancezhan,吉安,Jian,114.99,27.1311
2370A,青原区法院,Qingyuanqufayuan,吉安,Jian,115.0075,27.0983
2371A,槟榔水业,Binlangshuiye,宜春,Yichun,114.3442,27.8036
2372A,市中国银行,Shizhongguoyinxing,宜春,Yichun,114.3806,27.8014
2373A,市石油公司,Shishiyougongsi,宜春,Yichun,114.3953,27.7842
2374A,市气象局,Shiqixiangju,宜春,Yichun,114.3703,27.7914
2375A,市广电局,Shiguangdianju,宜春,Yichun,114.4011,27.8072
2376A,桐源党溪,Tongyuandangxi,抚州,Fuzhou,116.2239,28.0797
2377A,市站,Shizhan,抚州,Fuzhou,116.3553,27.9883
2378A,血防站,Xuefangzhan,抚州,Fuzhou,116.3598,27.9639
2379A,采茶剧团,Caichajutuan,抚州,Fuzhou,116.3574,28.0005
2380A,医学分院,Yixuefenyuan,抚州,Fuzhou,116.385,27.9647
2381A,百草园,Baicaoyuan,上饶,Shangrao,118.0058,28.4569
2382A,市监测站,Shijiancezhan,上饶,Shangrao,117.973,28.4459
2383A,凤凰光学,Fenghuangguangxue,上饶,Shangrao,117.9511,28.4622
2384A,开发区管委会,Kaifaquguanweihui,上饶,Shangrao,117.9033,28.4303
2385A,市监测站,Shijiancezhan,鹤壁,Hebi,114.17,35.9019
2386A,市交警支队,Shijiaojingzhidui,鹤壁,Hebi,114.2956,35.7511
2387A,迎宾馆,Yingbinguan,鹤壁,Hebi,114.2878,35.7306
2388A,科技学院,Kejixueyuan,新乡,Xinxiang,113.926,35.279
2389A,环保西院,Huanbaoxiyuan,新乡,Xinxiang,113.836,35.31
2390A,开发区,Kaifaqu,新乡,Xinxiang,113.884,35.272
2391A,环保东院,Huanbaodongyuan,新乡,Xinxiang,113.883,35.303
2392A,环保局,Huanbaoju,濮阳,Puyang,115.031,35.763
2393A,紭天威,Hongtianwei,濮阳,Puyang,114.9906,35.767
2394A,油田运输公司,Youtianyunshugongsi,濮阳,Puyang,115.0628,35.7672
2395A,油田物探公司,Youtianwutangongsi,濮阳,Puyang,115.0772,35.767
2396A,监测站,Jiancezhan,许昌,Xuchang,113.8331,34.0117
2397A,环保局,Huanbaoju,许昌,Xuchang,113.8208,34.0314
2398A,开发区,Kaifaqu,许昌,Xuchang,113.7906,33.9953
2399A,三五一五工厂,Sanwuyiwugongchang,漯河,Luohe,114.056,33.567
2400A,漯河大学,Luohedaxue,漯河,Luohe,114.005,33.568
2401A,水利局,Shuiliju,漯河,Luohe,114.014,33.581
2402A,广电局,Guangdianju,漯河,Luohe,114.0322,33.5653
2403A,环保局　,Huanbaoju,南阳,Nanyang,112.5192,32.9917
2404A,瓦房庄,Wafangzhuang,南阳,Nanyang,112.5224,33.0122
2405A,汉画馆,Hanhuaguan,南阳,Nanyang,112.5003,32.9735
2406A,气象站,Qixiangzhan,南阳,Nanyang,112.5573,33.027
2407A,理工学院,Ligongxueyuan,南阳,Nanyang,112.55,32.9683
2408A,环境监测站　,Huanjingjiancezhan,商丘,Shangqiu,115.6697,34.4286
2409A,粮食局　,Liangshiju,商丘,Shangqiu,115.6558,34.429
2410A,睢阳区环保局　,Suiyangquhuanbaoju,商丘,Shangqiu,115.6386,34.407
2411A,第三人民医院　,Disanrenminyiyuan,商丘,Shangqiu,115.6578,34.402
2420A,市一纸厂　,Shiyizhichang,驻马店,Zhumadian,114.018,32.965
2421A,市彩印厂　,Shicaiyinchang,驻马店,Zhumadian,114.0131,33.0069
2422A,天方二分厂　,Tianfangerfenchang,驻马店,Zhumadian,113.996,32.996
2423A,沈家营,Shenjiaying,黄石,Huangshi,115.0625,30.2352
2424A,陈家湾,Chenjiawan,黄石,Huangshi,115.0767,30.2028
2425A,新下陆,Xinxialu,黄石,Huangshi,114.9551,30.1765
2426A,铁山,Tieshan,黄石,Huangshi,114.8949,30.2043
2427A,经济开发区,Jingjikaifaqu,黄石,Huangshi,115.0264,30.2099
2428A,武当山,Wudangshan,十堰,Shiyan,111.0419,32.395
2429A,滨河新村,Binhexincun,十堰,Shiyan,110.78,32.6494
2430A,刘家沟,Liujiagou,十堰,Shiyan,110.7258,32.6389
2431A,铁二处,Tieerchu,十堰,Shiyan,110.8839,32.5714
2432A,襄城运动路,Xiangchengyundonglu,襄樊,Xiangfan,112.155,32.0197
2433A,樊城新华路,Fanchengxinhualu,襄樊,Xiangfan,112.1392,32.0564
2434A,高新管委会,Gaoxinguanweihui,襄樊,Xiangfan,112.1825,32.1142
2435A,襄州航空路,Xiangzhouhangkonglu,襄樊,Xiangfan,112.2106,32.0903
2436A,市政府,Shizhengfu,鄂州,Ezhou,114.8878,30.3944
2437A,赵家坝,Zhaojiaba,鄂州,Ezhou,114.8989,30.3714
2438A,凡口开发区,Fankoukaifaqu,鄂州,Ezhou,114.8131,30.4133
2439A,竹园小学,Zhuyuanxiaoxue,荆门,Jingmen,112.2014,31.0483
2440A,掇刀,Duodao,荆门,Jingmen,112.1969,30.9892
2441A,石化一小,Shihuayixiao,荆门,Jingmen,112.2211,31.0386
2442A,市政府,Shizhengfu,荆门,Jingmen,112.1931,31.0375
2443A,文化路,Wenhualu,孝感,Xiaogan,113.9153,30.9285
2444A,东城区,Dongchengqu,孝感,Xiaogan,113.942,30.9075
2445A,大洲岛,Dazhoudao,黄冈,Huanggang,114.8857,30.4522
2446A,职工中心,Zhigongzhongxin,黄冈,Huanggang,114.9028,30.4742
2447A,森林公园,Senlingongyuan,咸宁,Xianning,114.3036,29.8181
2448A,市发改委,Shifagaiwei,咸宁,Xianning,114.3231,29.8211
2449A,咸安区政府,Xiananquzhengfu,咸宁,Xianning,114.2894,29.8539
2450A,长江产业园,Zhangjiangchanyeyuan,咸宁,Xianning,114.3372,29.8686
2451A,市委党校,Shiweidangxiao,随州,Suizhou,113.3583,31.7275
2452A,市林业局,Shilinyeju,随州,Suizhou,113.3833,31.6908
2453A,市立交桥水厂,Shilijiaoqiaoshuichang,随州,Suizhou,113.3983,31.7308
2454A,湖北民院,Hubeiminyuan,恩施州,Enshizhou,109.5039,30.2989
2455A,州电力总公司,Zhoudianlizonggongsi,恩施州,Enshizhou,109.4689,30.2819
2456A,原169医院,Yuan169yiyuan,衡阳,Hengyang,112.5328,26.9089
2457A,衡阳化工总厂,Hengyanghuagongzongchang,衡阳,Hengyang,112.6194,26.9258
2458A,珠晖区环保局,Zhuhuiquhuanbaoju,衡阳,Hengyang,112.6211,26.8956
2459A,市委党校,Shiweidangxiao,衡阳,Hengyang,112.6197,26.8733
2460A,市监测站,Shijiancezhan,衡阳,Hengyang,112.6006,26.8919
2461A,真空机电公司,Zhenkongjidiangongsi,衡阳,Hengyang,112.5664,26.9056
2462A,市水土所,Shishuitusuo,邵阳,Shaoyang,111.5239,27.3033
2463A,市一中,Shiyizhong,邵阳,Shaoyang,111.4733,27.2317
2464A,市化工厂,Shihuagongchang,邵阳,Shaoyang,111.4908,27.2582
2465A,市罐头厂,Shiguantouchang,邵阳,Shaoyang,111.4503,27.2537
2466A,市环保局,Shihuanbaoju,邵阳,Shaoyang,111.4328,27.2272
2467A,甘溪港,Ganxigang,益阳,Yiyang,112.4067,28.6428
2468A,市环保局,Shihuanbaoju,益阳,Yiyang,112.3458,28.5808
2469A,市特殊教育学校,Shiteshujiaoyuxuexiao,益阳,Yiyang,112.3439,28.56
2470A,资阳区政务中心,Ziyangquzhengwuzhongxin,益阳,Yiyang,112.3347,28.6047
2471A,赫山环保分局,Heshanhuanbaofenju,益阳,Yiyang,112.3744,28.5819
2472A,马头岭,Matouling,郴州,Chenzhou,113.0073,25.9061
2473A,市职中,Shizhizhong,郴州,Chenzhou,113.0116,25.8226
2474A,兴隆步行街,Xinglongbuxingjie,郴州,Chenzhou,113.0119,25.8179
2475A,市审计局,Shishenjiju,郴州,Chenzhou,113.0383,25.8071
2476A,市环保局,Shihuanbaoju,郴州,Chenzhou,113.0348,25.7759
2477A,零陵南津渡,Linglingnanjindu,永州,Yongzhou,111.6217,26.2081
2478A,市环境监测站,Shihuanjingjiancezhan,永州,Yongzhou,111.6156,26.4214
2479A,零陵区环保局,Linglingquhuanbaoju,永州,Yongzhou,111.6236,26.2331
2480A,永州市环保局,Yongzhoushihuanbaoju,永州,Yongzhou,111.5992,26.4364
2481A,冷水滩区环保局,Lengshuitanquhuanbaoju,永州,Yongzhou,111.5989,26.4519
2482A,林科所,Linkesuo,怀化,Huaihua,109.9333,27.5733
2483A,河西地税局,Hexidishuiju,怀化,Huaihua,109.9453,27.5444
2484A,市四医院,Shisiyiyuan,怀化,Huaihua,109.9792,27.5342
2485A,监测楼,Jiancelou,怀化,Huaihua,109.9972,27.5578
2486A,市委党校,Shiweidangxiao,怀化,Huaihua,110.0394,27.583
2487A,电视发射台,Dianshifashetai,娄底,Loudi,111.9975,27.725
2488A,市监测站,Shijiancezhan,娄底,Loudi,111.9975,27.725
2489A,市委党校,Shiweidangxiao,娄底,Loudi,112.0194,27.7314
2490A,涟钢,Liangang,娄底,Loudi,111.9561,27.7569
2491A,市政府,Shizhengfu,娄底,Loudi,111.9892,27.7044
2492A,跃进水库,Yuejinshuiku,湘西州,Xiangxizhou,109.6414,28.2558
2493A,州政府,Zhouzhengfu,湘西州,Xiangxizhou,109.7325,28.3169
2494A,吉首市计生局,Jishoushijishengju,湘西州,Xiangxizhou,109.6958,28.2675
2495A,市环保,Shihuanbao,梧州,Wuzhou,111.2897,23.4792
2496A,云盖小学,Yungaixiaoxue,梧州,Wuzhou,111.3178,23.475
2497A,龙圩,Longwei,梧州,Wuzhou,111.2353,23.415
2498A,龙新,Longxin,梧州,Wuzhou,111.26,23.4794
2499A,沙万,Shawan,防城港,Fangchenggang,108.3411,21.6158
2500A,防城镇政府,Fangchengzhenzhengfu,防城港,Fangchenggang,108.3511,21.7631
2501A,大海花园,Dahaihuayuan,防城港,Fangchenggang,108.3506,21.6414
2502A,市环保站,Shihuanbaozhan,钦州,Qinzhou,108.6236,21.9667
2503A,市农科院,Shinongkeyuan,钦州,Qinzhou,108.6553,21.9508
2504A,港区一小,Gangquyixiao,钦州,Qinzhou,108.5989,21.7431
2505A,德智高中,Dezhigaozhong,贵港,Guigang,109.5681,23.1478
2506A,江南子站　,Jiangnanzizhan,贵港,Guigang,109.6042,23.0672
2507A,贵城子站,Guichengzizhan,贵港,Guigang,109.6014,23.0944
2508A,荷城子站,Hechengzizhan,贵港,Guigang,109.5683,23.1036
2509A,寒山水库,Hanshanshuiku,玉林,Yulin,110.1106,22.7019
2510A,市监测站,Shijiancezhan,玉林,Yulin,110.1675,22.6411
2511A,南江一中,Nanjiangyizhong,玉林,Yulin,110.1433,22.6164
2512A,市监测站,Shijiancezhan,百色,Baise,106.6103,23.9011
2513A,市中心血站,Shizhongxinxuezhan,百色,Baise,106.6527,23.8844
2514A,环保小区,Huanbaoxiaoqu,贺州,Hezhou,111.5269,24.4175
2515A,政协大楼,Zhengxiedalou,贺州,Hezhou,111.5622,24.4072
2516A,东仁乐园,Dongrenleyuan,河池,Hechi,108.2134,24.7121
2517A,市环保站,Shihuanbaozhan,河池,Hechi,108.054,24.6928
2518A,市疾控中心,Shijikongzhongxin,河池,Hechi,108.1009,24.6967
2519A,来冶招待所,Laiyezhaodaisuo,来宾,Laibin,109.2131,23.7208
2520A,来宾二中,Laibinerzhong,来宾,Laibin,109.2317,23.7369
2521A,市环保局江州分局,Shihuanbaojujiangzhoufenju,崇左,Chongzuo,107.3476,22.4137
2522A,城南新区,Chengnanxinqu,崇左,Chongzuo,107.3701,22.3708
2523A,黑石坡,Heishipo,广元,Guangyuan,105.8945,32.4535
2524A,老城,Laocheng,广元,Guangyuan,105.8242,32.4429
2525A,南坝,Nanba,广元,Guangyuan,105.8153,32.4246
2526A,监测站,Jiancezhan,广元,Guangyuan,105.8624,32.4285
2527A,石溪浩,Shixihao,遂宁,Suining,105.7519,30.5797
2528A,市监测站,Shijiancezhan,遂宁,Suining,105.68,30.6133
2529A,行政中心,Xingzhengzhongxin,遂宁,Suining,105.8161,30.6347
2530A,美宁食品公司,Meiningshipingongsi,遂宁,Suining,105.5956,30.475
2531A,市监测站,Shijiancezhan,内江,Neijiang,105.0331,29.5953
2532A,东兴区政府,Dongxingquzhengfu,内江,Neijiang,105.0717,29.5947
2533A,内江二中,Neijiangerzhong,内江,Neijiang,105.0653,29.5817
2534A,内江日报社,Neijiangribaoshe,内江,Neijiang,105.0406,29.5822
2535A,乐山大佛景区,Leshandafojingqu,乐山,Leshan,103.7705,29.5467
2536A,牛耳桥,Niuerqiao,乐山,Leshan,103.7627,29.5844
2537A,市第三水厂,Shidisanshuichang,乐山,Leshan,103.7506,29.6007
2538A,市监测站,Shijiancezhan,乐山,Leshan,103.757,29.5634
2539A,蟆颐观,Mayiguan,眉山,Meishan,103.8986,30.0506
2540A,气象局,Qixiangju,眉山,Meishan,103.8416,30.0874
2541A,旭光小区,Xuguangxiaoqu,眉山,Meishan,103.8495,30.0691
2542A,市监测站,Shijiancezhan,眉山,Meishan,103.8341,30.062
2543A,小平旧居,Xiaopingjiuju,广安,Guangan,106.631,30.518
2544A,市委,Shiwei,广安,Guangan,106.6303,30.4576
2545A,友谊中学,Youyizhongxue,广安,Guangan,106.6271,30.4663
2546A,人工湖,Rengonghu,广安,Guangan,106.6406,30.4844
2547A,广电花园,Guangdianhuayuan,广安,Guangan,106.6388,30.4551
2548A,达州职业技术学院,Dazhouzhiyejishuxueyuan,达州,Dazhou,107.5272,31.2797
2549A,市环境监测站,Shihuanjingjiancezhan,达州,Dazhou,107.525,31.215
2550A,凤凰小区,Fenghuangxiaoqu,达州,Dazhou,107.4967,31.2108
2551A,达县机关宾馆,Daxianjiguanbinguan,达州,Dazhou,107.5069,31.1956
2552A,市政中心,Shizhengzhongxin,达州,Dazhou,107.4611,31.2058
2553A,大兴526台,Daxing526tai,雅安,Yaan,103.009,30.0125
2554A,建安厂,Jiananchang,雅安,Yaan,103.0013,29.9899
2555A,市政府,Shizhengfu,雅安,Yaan,103.0109,29.9834
2556A,川农大,Chuannongda,雅安,Yaan,103.0001,29.9816
2557A,南龛公园,Nankangongyuan,巴中,Bazhong,106.7583,31.8475
2558A,市环保局,Shihuanbaoju,巴中,Bazhong,106.7389,31.8711
2559A,巴中中学,Bazhongzhongxue,巴中,Bazhong,106.7594,31.8531
2560A,市六中,Shiliuzhong,巴中,Bazhong,106.7608,31.8456
2561A,莲花山,Lianhuashan,资阳,Ziyang,104.6617,30.1366
2562A,资阳中学,Ziyangzhongxue,资阳,Ziyang,104.6356,30.1506
2563A,四三一厂,Sisanyichang,资阳,Ziyang,104.6289,30.1377
2564A,师范校,Shifanxiao,资阳,Ziyang,104.6469,30.1142
2565A,区法院,Qufayuan,资阳,Ziyang,104.6294,30.1259
2566A,州农科所,Zhounongkesuo,阿坝州,Abazhou,102.1755,31.9286
2567A,州监测站,Zhoujiancezhan,阿坝州,Abazhou,102.2218,31.9025
2568A,马师校,Mashixiao,阿坝州,Abazhou,102.2402,31.8934
2569A,将军桥,Jiangjunqiao,甘孜州,Ganzizhou,101.9628,30.0506
2570A,水桥子,Shuiqiaozi,甘孜州,Ganzizhou,101.9603,30.0475
2571A,青龙寺,Qinglongsi,凉山州,Liangshanzhou,102.3419,27.8094
2572A,邛海宾馆,Qionghaibinguan,凉山州,Liangshanzhou,102.2714,27.8408
2573A,西昌市政府,Xichangshizhengfu,凉山州,Liangshanzhou,102.2625,27.8978
2574A,凉山州政府,Liangshanzhouzhengfu,凉山州,Liangshanzhou,102.2689,27.8847
2575A,长安,Zhangan,凉山州,Liangshanzhou,102.2311,27.8953
2576A,窑上,Yaoshang,六盘水,Liupanshui,104.8,26.5892
2577A,黄土坡,Huangtupo,六盘水,Liupanshui,104.83,26.5917
2578A,水钢,Shuigang,六盘水,Liupanshui,104.89,26.5939
2579A,民中,Minzhong,六盘水,Liupanshui,104.8475,26.5894
2580A,双水,Shuangshui,六盘水,Liupanshui,104.9544,26.5506
2581A,虹机厂子校,Hongjichangzixiao,安顺,Anshun,105.9556,26.2611
2582A,市一中,Shiyizhong,安顺,Anshun,105.9278,26.255
2583A,铁路子校,Tieluzixiao,安顺,Anshun,105.9394,26.2358
2584A,龙岩子校,Longyanzixiao,安顺,Anshun,105.8853,26.2392
2585A,铜仁卫校,Tongrenweixiao,铜仁地区,Tongrendiqu,109.1916,27.7297
2586A,铜仁七中,Tongrenqizhong,铜仁地区,Tongrendiqu,109.1794,27.7231
2587A,八中,Bazhong,毕节,Bijie,105.2864,27.3125
2588A,师专,Shizhuan,毕节,Bijie,105.31,27.2944
2589A,场坝街,Changbajie,黔西南州,Qianxinanzhou,104.9022,25.0925
2590A,坪东大道,Pingdongdadao,黔西南州,Qianxinanzhou,104.8811,25.0992
2591A,市环境监测站,Shihuanjingjiancezhan,黔东南州,Qiandongnanzhou,107.9783,26.5747
2592A,马坡井小学,Mapojingxiaoxue,黔东南州,Qiandongnanzhou,107.9478,26.5703
2593A,小围寨,Xiaoweizhai,黔南州,Qiannanzhou,107.5228,26.2403
2594A,市环保局,Shihuanbaoju,保山,Baoshan,99.1711,25.1328
2595A,市环境监测站,Shihuanjingjiancezhan,保山,Baoshan,99.1678,25.1081
2596A,监测站,Jiancezhan,昭通,Zhaotong,103.7032,27.3392
2597A,环保局,Huanbaoju,昭通,Zhaotong,103.7225,27.3361
2598A,西南郊,Xinanjiao,丽江,Lijiang,100.2143,26.8576
2599A,丽江古城,Lijianggucheng,丽江,Lijiang,100.2497,26.8802
2600A,市中心,Shizhongxin,丽江,Lijiang,100.2203,26.8906
2601A,市环保局,Shihuanbaoju,普洱,Puer,100.98,22.7633
2602A,普洱第二中学,Puerdierzhongxue,思茅,Simao,100.9817,22.8322
2603A,市环保局,Shihuanbaoju,临沧,Lincang,100.0869,23.8822
2604A,市气象局,Shiqixiangju,临沧,Lincang,100.0782,23.8982
2605A,州环境监测站,Zhouhuanjingjiancezhan,楚雄州,Chuxiongzhou,101.5482,25.0441
2606A,市经济开发区,Shijingjikaifaqu,楚雄州,Chuxiongzhou,101.538,25.0492
2607A,雨过铺,Yuguopu,红河州,Honghezhou,103.3113,23.4626
2608A,污水处理厂,Wushuichulichang,红河州,Honghezhou,103.3772,23.3993
2609A,监测站,Jiancezhan,红河州,Honghezhou,103.386,23.4168
2610A,州水务局,Zhoushuiwuju,文山州,Wenshanzhou,104.2533,23.3594
2611A,市便民服务中心,Shibianminfuwuzhongxin,文山州,Wenshanzhou,104.2319,23.3892
2612A,景洪市江南,Jinghongshijiangnan,西双版纳州,Xishuangbannazhou,100.7939,22.0019
2613A,景洪市江北,Jinghongshijiangbei,西双版纳州,Xishuangbannazhou,100.8017,22.0225
2614A,大理市环境监测站,Dalishihuanjingjiancezhan,大理州,Dalizhou,100.1542,25.7054
2615A,大理古城,Daligucheng,大理州,Dalizhou,100.2171,25.5811
2616A,德宏州监测站,Dehongzhoujiancezhan,德宏州,Dehongzhou,98.5842,24.428
2617A,芒市建设局,Mangshijiansheju,德宏州,Dehongzhou,98.578,24.441
2618A,州监测站,Zhoujiancezhan,怒江州,Nujiangzhou,98.8601,25.8567
2619A,泸水一中,Lushuiyizhong,怒江州,Nujiangzhou,98.8546,25.8417
2620A,古城,Gucheng,迪庆州,Diqingzhou,99.7064,27.8136
2621A,迪庆州站,Diqingzhouzhan,迪庆州,Diqingzhou,99.7056,27.8317
2622A,昌都监测站,Changdoujiancezhan,昌都地区,Changdoudiqu,97.1804,31.1278
2623A,昌都地区昌都坝,Changdoudiquchangdouba,昌都地区,Changdoudiqu,97.1809,31.1254
2624A,山南监测站,Shannanjiancezhan,山南地区,Shannandiqu,91.7608,29.2313
2625A,山南人民医院,Shannanrenminyiyuan,山南地区,Shannandiqu,91.7706,29.261
2626A,日喀则监测站,Rikazejiancezhan,日喀则地区,Rikazediqu,88.8876,29.2718
2627A,日喀则鸿达公司,Rikazehongdagongsi,日喀则地区,Rikazediqu,88.8931,29.2365
2628A,那曲监测站,Neiqujiancezhan,那曲地区,Neiqudiqu,92.0657,31.4846
2629A,那曲嘉兴医院,Neiqujiaxingyiyuan,那曲地区,Neiqudiqu,92.0505,31.4733
2630A,阿里监测站,Alijiancezhan,阿里地区,Alidiqu,80.1161,32.5
2631A,阿里地委,Alidiwei,阿里地区,Alidiqu,80.0895,32.5039
2632A,林芝监测站,Linzhijiancezhan,林芝地区,Linzhidiqu,94.3681,29.6376
2633A,林芝人民医院,Linzhirenminyiyuan,林芝地区,Linzhidiqu,94.3616,29.6632
2634A,汉川机床厂子校,Hanchuanjichuangchangzixiao,汉中,Hanzhong,106.9893,33.1842
2635A,市监测站,Shijiancezhan,汉中,Hanzhong,107.0154,33.0706
2636A,鑫源开发区,Xinyuankaifaqu,汉中,Hanzhong,107.0089,33.1138
2637A,南郑大河坎水厂,Nanzhengdahekanshuichang,汉中,Hanzhong,107.007,33.0323
2638A,红石峡森林公园　,Hongshixiasenlingongyuan,榆林,Yulin,109.7414,38.3344
2639A,世纪广场　,Shijiguangchang,榆林,Yulin,109.7456,38.2911
2640A,实验中学,Shiyanzhongxue,榆林,Yulin,109.7289,38.2839
2641A,环保监测大楼　,Huanbaojiancedalou,榆林,Yulin,109.7336,38.2478
2642A,香溪洞,Xiangxidong,安康,Ankang,109.0311,32.6778
2643A,安康市监测站,Ankangshijiancezhan,安康,Ankang,109.0281,32.6939
2644A,汉滨区检察院,Hanbinqujianchayuan,安康,Ankang,109.0072,32.6975
2645A,监测站,Jiancezhan,商洛,Shangluo,109.9154,33.8715
2646A,东龙山气象局,Donglongshanqixiangju,商洛,Shangluo,109.966,33.8509
2647A,豫源饭店,Yuyuanfandian,白银,Baiyin,104.1731,36.5458
2648A,动力公司,Dongligongsi,白银,Baiyin,104.1731,36.5481
2649A,仙人崖,Xianrenya,天水,Tianshui,106.005,34.3469
2650A,进步巷,Jinbuxiang,天水,Tianshui,105.7281,34.5814
2651A,文化馆,Wenhuaguan,天水,Tianshui,105.8614,34.5653
2652A,监测站,Jiancezhan,武威,Wuwei,102.6219,37.9311
2653A,雷台,Leitai,武威,Wuwei,102.6469,37.9358
2654A,监测站,Jiancezhan,张掖,Zhangye,100.4686,38.9467
2655A,科委,Kewei,张掖,Zhangye,100.4497,38.9389
2656A,监测站,Jiancezhan,平凉,Pingliang,106.6692,35.5461
2657A,博物馆,Bowuguan,平凉,Pingliang,106.7039,35.5294
2658A,仓门街子站,Cangmenjiezizhan,酒泉,Jiuquan,98.509,39.746
2659A,富康家世界子站,Fukangjiashijiezizhan,酒泉,Jiuquan,98.5023,39.7294
2660A,区环保局,Quhuanbaoju,庆阳,Qingyang,107.6831,35.7289
2661A,粮贸总公司,Liangmaozonggongsi,庆阳,Qingyang,107.6406,35.5236
2662A,市环保局,Shihuanbaoju,庆阳,Qingyang,107.6364,35.7067
2663A,监测站（原粮食局）,Jiancezhanyuanliangshiju,定西,Dingxi,104.6228,35.5714
2664A,南峰招待所（原起重机厂）,Nanfengzhaodaisuoyuanqizhongjichang,定西,Dingxi,104.6169,35.5975
2665A,汉王镇固水子,Hanwangzhengushuizi,陇南,Longnan,105.0822,33.3261
2666A,市林业局,Shilinyeju,陇南,Longnan,104.9306,33.3861
2667A,环保局,Huanbaoju,临夏州,Linxiazhou,103.2139,35.6039
2668A,州委党校,Zhouweidangxiao,临夏州,Linxiazhou,103.2064,35.5997
2669A,监测站,Jiancezhan,甘南州,Gannanzhou,102.905,35.0003
2670A,平安县,Pinganxian,海东地区,Haidongdiqu,102.1086,36.4997
2671A,海晏县西海镇,Haiyanxianxihaizhen,海北州,Haibeizhou,100.9048,36.9639
2672A,同仁县隆务镇,Tongrenxianlongwuzhen,黄南州,Huangnanzhou,102.0199,35.5102
2673A,共和县恰卜恰镇,Gonghexianqiabuqiazhen,海南州,Hainanzhou,100.6188,36.2866
2674A,玛沁县大武镇,Maqinxiandawuzhen,果洛州,Guoluozhou,100.2561,34.4714
2675A,玉树县结古镇,Yushuxianjieguzhen,玉树州,Yushuzhou,97,33.0014
2676A,德令哈市,Delinghashi,海西州,Haixizhou,97.3731,37.3753
2677A,教育园区,Jiaoyuyuanqu,吴忠,Wuzhong,106.1532,37.9648
2678A,高级中学,Gaojizhongxue,吴忠,Wuzhong,106.2025,37.9844
2679A,新区二泵站,Xinquerbengzhan,吴忠,Wuzhong,106.196,37.9723
2680A,沙坡头消防站,Shapotouxiaofangzhan,中卫,Zhongwei,105.0197,37.4514
2681A,官桥站,Guanqiaozhan,中卫,Zhongwei,105.18,37.0172
2682A,环保局站,Huanbaojuzhan,中卫,Zhongwei,105.1971,37.5002
2683A,马园,Mayuan,固原,Guyuan,106.2319,36.1417
2684A,监测站,Jiancezhan,固原,Guyuan,106.2792,36.0022
2685A,新区,Xinqu,固原,Guyuan,106.2375,36.0211
2686A,市环保局,Shihuanbaoju,吐鲁番地区,Tulufandiqu,89.191,42.9409
2687A,地区环保局,Diquhuanbaoju,吐鲁番地区,Tulufandiqu,89.1673,42.9559
2688A,地区监测站,Diqujiancezhan,哈密地区,Hamidiqu,93.5128,42.8172
2689A,哈密师范学校,Hamishifanxuexiao,哈密地区,Hamidiqu,93.4961,42.8328
2690A,天山天池,Tianshantianchi,昌吉州,Changjizhou,87.9897,44.1564
2691A,州监测站,Zhoujiancezhan,昌吉州,Changjizhou,87.2997,44.0114
2692A,新区政务中心,Xinquzhengwuzhongxin,昌吉州,Changjizhou,87.2717,44.0297
2693A,博乐市西郊区,Boleshixijiaoqu,博州,Bozhou,82.0485,44.9079
2694A,市环保局,Shihuanbaoju,博州,Bozhou,82.0806,44.8969
2695A,电视台,Dianshitai,阿克苏地区,Akesudiqu,80.2828,41.1636
2696A,艺术中心,Yishuzhongxin,阿克苏地区,Akesudiqu,80.2956,41.1933
2697A,市人民政府,Shirenminzhengfu,克孜勒苏州,Kezilesuzhou,76.1861,39.7153
2698A,巡警大队,Xunjingdadui,喀什地区,Kashendiqu,75.9828,39.5371
2699A,吾办,Wuban,喀什地区,Kashendiqu,75.9771,39.4699
2700A,市环境监测站,Shihuanjingjiancezhan,喀什地区,Kashendiqu,75.9435,39.4365
2701A,地区站,Diquzhan,和田地区,Hetiandiqu,79.9485,37.1152
2702A,古江巴格乡院内,Gujiangbagexiangyuannei,和田地区,Hetiandiqu,79.9117,37.1013
2703A,市环保局,Shihuanbaoju,伊犁哈萨克州,Yilihasakezhou,81.2815,43.9404
2704A,新政府片区,Xinzhengfupianqu,伊犁哈萨克州,Yilihasakezhou,81.2867,43.895
2705A,第二水厂,Diershuichang,伊犁哈萨克州,Yilihasakezhou,81.3364,43.941
2706A,东门外小游园,Dongmenwaixiaoyouyuan,塔城地区,Tachengdiqu,82.9994,46.7432
2707A,小东沟,Xiaodonggou,阿勒泰地区,Aletaidiqu,88.1214,47.9047
2708A,市站,Shizhan,阿勒泰地区,Aletaidiqu,88.1267,47.8515
2709A,艾青诗歌馆,Aiqingshigeguan,石河子,Shihezi,86.0497,44.2967
2710A,阳光学校,Yangguangxuexiao,石河子,Shihezi,86.0697,44.3075
2711A,农水大厦,Nongshuidasha,五家渠,Wujiaqu,87.5475,44.1756
2835A,四十中小,Sishizhongxiao,攀枝花,Panzhihua,101.7227,26.567
2842A,湖里中学,Hulizhongxue,厦门,Shamen,118.0936,24.5058
